"Código SIEX";"Buenas prácticas";"Ámbito Fitosanitario";"Ámbito Fertilización";"Ámbito Riego";Fecha de alta;Fecha de modificación;Fecha de baja
"0";"No realiza buenas prácticas";"SI";"SI";"SI";25/11/2025;;
"1";"Aplicación de purines mediante sistema de bandas con mangueras o tubos rígidos";"NO";"SI";"NO";25/11/2025;;
"2";"Aplicación de purines mediante sistema de bandas de discos o rejas";"NO";"SI";"NO";25/11/2025;;
"3";"Aplicación de purines mediante inyección";"NO";"SI";"NO";25/11/2025;;
"4";"Dilución de purines, seguida de técnicas tales como un sistema de riego de baja presión";"NO";"SI";"NO";25/11/2025;;
"5";"Acidificación de los purines";"NO";"SI";"NO";25/11/2025;;
"6";"Dosis y momento de aplicación, el abonado se realizará en aquellos momentos del ciclo del cultivo en los que el aprovechamiento del fertilizante pueda ser más rápido";"NO";"SI";"NO";25/11/2025;;
"7";"Fraccionamiento de los aportes de acuerdo con las necesidades del cultivo, siempre que sea técnicamente posible";"NO";"SI";"NO";25/11/2025;;
"8";"Incorporación de los fertilizantes en el suelo por sistemas de inyección en profundidad";"NO";"SI";"NO";25/11/2025;;
"9";"Incorporación de los fertilizantes en el suelo mediante mezcla de los gránulos del fertilizante con el suelo";"NO";"SI";"NO";25/11/2025;;
"10";"Emplear gránulos de urea recubiertos de un polímero";"NO";"SI";"NO";25/11/2025;;
"11";"Aplicar un riego inmediatamente después de la fertilización con abonos a base de urea";"NO";"SI";"NO";25/11/2025;;
"12";"Realizar la fertilización nitrogenada mediante fertirrigación (Sólo cuando haya necesidades de regadío)";"NO";"SI";"SI";25/11/2025;;
"13";"En el cultivo de arroz, realizar el abonado nitrogenado con el terreno seco";"NO";"SI";"NO";25/11/2025;;
"14";"Empleo de inhibidores de la ureasa con productos fertilizantes a base de urea";"NO";"SI";"NO";25/11/2025;;
"15";"Enterrado de purines y, productos y materiales líquidos lo antes posible y siempre en las primeras 4 horas tras su aplicación";"NO";"SI";"NO";25/11/2025;;
"16";"Empleo de inhibidores de la ureasa o de la nitrificación aplicados a purines, con supervisión profesional en caso de aplicación directa de los purines al suelo o a la balsa de purín";"NO";"SI";"NO";25/11/2025;;
"17";"Aplicación de la tecnología de dosificación variable dentro de una misma parcela";"SI";"SI";"SI";25/11/2025;;
"18";"Enterrado de la urea, en el momento de su aplicación al suelo o, por lo menos, en las 4 horas siguientes";"NO";"SI";"NO";25/11/2025;;
"19";"Empleo de productos fertilizantes nitrogenados con inhibidores de la nitrificación";"NO";"SI";"NO";25/11/2025;;
"20";"Abonado en verde";"SI";"SI";"NO";25/11/2025;;
"21";"Dosis y frecuencia de riego ajustadas a las necesidades del cultivo y a la capacidad de retención de humedad del suelo, tomando como referencia las recomendaciones de los servicios de asesoramiento al regante (SIAR) de la comunidad autónoma o el Sistema de Información Agroclimática para el Regadío (SiAR) del Ministerio de Agricultura, Pesca y Alimentación, y/o empleo de sensores de contenido de humedad del suelo.";"NO";"NO";"SI";25/11/2025;;
"22";"En el caso de que el propio material usado en el abonado aporte agua en una cantidad considerable al cultivo (como cuando se utilizan estiércoles líquidos), se tendrá en cuenta el volumen de agua incorporado por el mismo para el cálculo.";"NO";"SI";"SI";25/11/2025;;
"23";"Riego localizado.";"NO";"NO";"SI";25/11/2025;;
"24";"En cultivos con riego por inundación, el abonado nitrogenado se aplicará cuando el suelo se encuentre en sazón y se enterrará inmediatamente mediante una labor.";"NO";"SI";"SI";25/11/2025;;
"25";"En los cultivos con riego localizado, la fertilización se efectuará disolviendo los abonos en el agua de riego y aplicándolos al suelo a través de ésta. Éstos se dosificarán fraccionadamente, durante el periodo de actividad vegetativa del cultivo, pudiéndose adaptar las concentraciones y las cantidades parciales aportadas a los momentos de mayor requerimiento dentro del ciclo del cultivo.";"NO";"SI";"SI";25/11/2025;;
"26";"En el riego localizado, el número de emisores por árbol, el volumen de agua aportado por cada uno de ellos y la frecuencia de riego se recomienda que se establezcan en función de la textura del terreno, de forma que se consiga ajustar la superficie mojada a la profundidad radicular efectiva suficiente para el cultivo y así evitar problemas de saturación, de humedad o de pérdidas de agua en profundidad.";"NO";"NO";"SI";25/11/2025;;
"27";"El aporte de nutrientes conjuntamente con el agua de riego se deberá ajustar de modo que la concentración de nutrientes sea lo más baja posible, adaptándose a su vez a las necesidades hídricas del cultivo. Así mismo, los nutrientes deberán aplicarse en los momentos de máximo requerimiento de cada nutriente, de modo que se maximice el aprovechamiento por parte del cultivo y la efectividad del abonado y se reduzca, así, la acumulación en el suelo de nutrientes en forma de sales.";"NO";"SI";"SI";25/11/2025;;
"28";"Utilización de acolchados (mulching)";"SI";"NO";"SI";25/11/2025;24/04/2026;
"29";"Siembra directa";"SI";"NO";"SI";25/11/2025;24/04/2026;
"30";"Mínimo laboreo";"SI";"NO";"SI";25/11/2025;24/04/2026;
"31";"Diseño en línea clave (""key-line"")";"NO";"SI";"SI";25/11/2025;;
"32";"Utilización de mallas antigranizo";"NO";"NO";"SI";25/11/2025;;
"33";"Riego por aspersión nocturno";"NO";"NO";"SI";25/11/2025;;
"34";"Riego deficitario controlado (RDC)";"NO";"NO";"SI";25/11/2025;;
"35";"Siembra en seco (arroz)";"NO";"NO";"SI";25/11/2025;;
"36";"Monitorización de condiciones del suelo, clima y cultivo en tiempo real con sensores IoT";"SI";"SI";"SI";25/11/2025;;
"37";"Uso de drones y satélites para el monitoreo geoespacial de cultivos";"SI";"SI";"SI";25/11/2025;;
"38";"Análisis de datos agrícolas y apoyo a la toma de decisiones (DSS)";"SI";"SI";"SI";25/11/2025;;
"39";"Aplicación variable de insumos con equipos de precisión";"NO";"SI";"SI";25/11/2025;;
"40";"Manejo de maquinaria agrícola equipada con tecnología de precisión";"SI";"SI";"SI";25/11/2025;;
"41";"Implementación de sistemas de riego automatizado";"NO";"NO";"SI";25/11/2025;;
"42";"Uso de drones para aplicación precisa de insumos agrícolas";"SI";"SI";"NO";25/11/2025;;
"43";"Comunicación en campo mediante redes de sensores inalámbricos";"SI";"SI";"SI";25/11/2025;;
"44";"Acceso a información y servicios agrícolas a través de aplicaciones móviles";"NO";"SI";"SI";25/11/2025;;
"45";"Gestión de la explotación agrícola mediante software específico";"SI";"SI";"SI";25/11/2025;;
"46";"Limpieza y desinfección - Mantener limpias las instalaciones, equipos, vehículos y bebederos";"SI";"SI";"SI";25/11/2025;;
"47";"Formación continua del personal - Capacitar al personal en bienestar, sanidad, higiene, manejo y bioseguridad";"SI";"SI";"SI";25/11/2025;;
"48";"Evaluación y mejora continua - Revisar resultados productivos, sanitarios y ambientales para ajustar prácticas";"NO";"SI";"SI";25/11/2025;;
"49";"Rotación de cultivos";"SI";"SI";"SI";24/04/2026;;
"50";"Utilización de variedades resistentes";"SI";"NO";"NO";24/04/2026;;
"51";"Protección de los organismos beneficiosos (con medidas fitosanitarias específicas, utilizando infraestructuras ecológicas que aumenten la biodiversidad, estableciendo márgenes multifuncionales para la mejora de la biodiversidad y fomento de la fauna útil, etc.)";"SI";"NO";"NO";24/04/2026;;
"52";"Monitorización de plagas, enfermedades y malas hierbas";"SI";"NO";"NO";24/04/2026;;
"53";"Establecimiento de umbrales de intervención fitosanitaria";"SI";"NO";"NO";24/04/2026;;
"54";"Aplicación de productos fitosanitarios de bajo riesgo";"SI";"NO";"NO";24/04/2026;24/04/2026;
"55";"Seguimiento de una estrategia anti-resistencias en el uso de productos fitosanitarios";"SI";"NO";"NO";24/04/2026;24/04/2026;
"56";"Seguimiento de la efectividad de la intervención fitosanitaria";"SI";"NO";"NO";24/04/2026;;
"57";"Maquinaria autónoma: Tractores y otros equipos agrícolas que pueden operar sin intervención humana";"SI";"SI";"NO";24/04/2026;;
"58";"Uso de sistemas de transferencia cerrados para realizar la carga en el tanque de aplicación";"SI";"SI";"NO";24/04/2026;;
"59";"Utilización de endoterapia";"SI";"NO";"NO";24/04/2026;;
