"Código";"Tipología";"Código SIEX";"Edificación e instalación";Fecha de alta;Fecha de modificación;Fecha de baja
"1";"Naves y obras de edificación de entidad constructiva";"1";"Abrevadero y abastecimiento de agua";30/06/2023;;
"1";"Naves y obras de edificación de entidad constructiva";"2";"Almacén de maquinaria";30/06/2023;;
"1";"Naves y obras de edificación de entidad constructiva";"3";"Almacén de productos y materias primas";30/06/2023;;
"1";"Naves y obras de edificación de entidad constructiva";"4";"Almazara";30/06/2023;;
"1";"Naves y obras de edificación de entidad constructiva";"5";"Alojamiento ganadero aves";30/06/2023;;
"1";"Naves y obras de edificación de entidad constructiva";"6";"Alojamiento ganadero bovino de carne";30/06/2023;;
"1";"Naves y obras de edificación de entidad constructiva";"7";"Alojamiento ganadero bovino de leche";30/06/2023;;
"1";"Naves y obras de edificación de entidad constructiva";"8";"Alojamiento ganadero conejos";30/06/2023;;
"1";"Naves y obras de edificación de entidad constructiva";"9";"Alojamiento ganadero equino";30/06/2023;;
"1";"Naves y obras de edificación de entidad constructiva";"10";"Alojamiento ganadero porcino";30/06/2023;;
"1";"Naves y obras de edificación de entidad constructiva";"11";"Alojamiento ganadero varios";30/06/2023;;
"1";"Naves y obras de edificación de entidad constructiva";"12";"Alojamiento ganadero visones y otros peleteros";30/06/2023;;
"1";"Naves y obras de edificación de entidad constructiva";"13";"Baño";30/06/2023;;
"1";"Naves y obras de edificación de entidad constructiva";"14";"Comedor";30/06/2023;;
"1";"Naves y obras de edificación de entidad constructiva";"15";"Construcción acuicultura, piscifactorías y Cetáreas";30/06/2023;;
"1";"Naves y obras de edificación de entidad constructiva";"16";"Construcción apicultura";30/06/2023;;
"1";"Naves y obras de edificación de entidad constructiva";"17";"Instalación para la producción de hongos";30/06/2023;;
"1";"Naves y obras de edificación de entidad constructiva";"18";"Construcción especies cinegéticas";30/06/2023;;
"1";"Naves y obras de edificación de entidad constructiva";"19";"Construcción Helicicultura";30/06/2023;;
"1";"Naves y obras de edificación de entidad constructiva";"20";"Construcción Lombricultura";30/06/2023;;
"1";"Naves y obras de edificación de entidad constructiva";"21";"Construcción para reparación edificios e instalaciones";30/06/2023;;
"1";"Naves y obras de edificación de entidad constructiva";"22";"Instalaciones de clasificación empaquetado";30/06/2023;;
"1";"Naves y obras de edificación de entidad constructiva";"23";"Invernadero cristal floricultura intensiva";30/06/2023;;
"1";"Naves y obras de edificación de entidad constructiva";"24";"Invernadero cristal horticultura intensiva";30/06/2023;;
"1";"Naves y obras de edificación de entidad constructiva";"25";"Invernadero plástico floricultura intensiva";30/06/2023;;
"1";"Naves y obras de edificación de entidad constructiva";"26";"Invernadero plástico horticultura intensiva";30/06/2023;;
"1";"Naves y obras de edificación de entidad constructiva";"27";"Nave agrícola";30/06/2023;;
"1";"Naves y obras de edificación de entidad constructiva";"28";"Nave ganadera";30/06/2023;;
"1";"Naves y obras de edificación de entidad constructiva";"29";"Nave forestal";30/06/2023;;
"1";"Naves y obras de edificación de entidad constructiva";"30";"Invernadero de cristal";21/05/2025;;
"1";"Naves y obras de edificación de entidad constructiva";"31";"Nave para transformación de productos en origen, queserías y otros lácteos.";30/06/2023;;
"1";"Naves y obras de edificación de entidad constructiva";"32";"Ranchos";30/06/2023;;
"1";"Naves y obras de edificación de entidad constructiva";"33";"Refugios";30/06/2023;;
"1";"Naves y obras de edificación de entidad constructiva";"34";"Viviendas de temporeros";30/06/2023;;
"2";"Obras de edificación de escasa entidad constructiva";"35";"Cobertizo";30/06/2023;;
"2";"Obras de edificación de escasa entidad constructiva";"36";"Techado sin cerramiento";30/06/2023;;
"3";"Construcciones singulares";"37";"Bodegas";30/06/2023;;
"3";"Construcciones singulares";"38";"Bodegas subterráneas";30/06/2023;;
"3";"Construcciones singulares";"39";"Construcciones subterráneas";30/06/2023;;
"3";"Construcciones singulares";"40";"Edificios relacionados con actividades deportivas u observación de la naturaleza";30/06/2023;;
"3";"Construcciones singulares";"41";"Instalaciones deportivas y de acampada";30/06/2023;;
"3";"Construcciones singulares";"42";"Picaderos";30/06/2023;;
"3";"Construcciones singulares";"43";"Plazas de toros";30/06/2023;;
"3";"Construcciones singulares";"44";"Tentaderos";30/06/2023;;
"4";"Espacios anejos y construcciones e instalaciones a cielo abierto";"45";"Bancadas";30/06/2023;;
"4";"Espacios anejos y construcciones e instalaciones a cielo abierto";"46";"Caminos de la explotación";30/06/2023;;
"4";"Espacios anejos y construcciones e instalaciones a cielo abierto";"47";"Canales";30/06/2023;;
"4";"Espacios anejos y construcciones e instalaciones a cielo abierto";"48";"Conducciones";30/06/2023;;
"4";"Espacios anejos y construcciones e instalaciones a cielo abierto";"49";"Conducciones generales";30/06/2023;;
"4";"Espacios anejos y construcciones e instalaciones a cielo abierto";"50";"Cortavientos no forestales";30/06/2023;;
"4";"Espacios anejos y construcciones e instalaciones a cielo abierto";"51";"Enarenados";30/06/2023;;
"4";"Espacios anejos y construcciones e instalaciones a cielo abierto";"52";"Estacionamientos maquinaria agrícola y de transporte";30/06/2023;;
"4";"Espacios anejos y construcciones e instalaciones a cielo abierto";"53";"Gavias y jables";30/06/2023;;
"4";"Espacios anejos y construcciones e instalaciones a cielo abierto";"54";"Líneas de transporte y clasificación";30/06/2023;;
"4";"Espacios anejos y construcciones e instalaciones a cielo abierto";"55";"Muelles de carga";30/06/2023;;
"4";"Espacios anejos y construcciones e instalaciones a cielo abierto";"56";"Muros de contención";30/06/2023;;
"4";"Espacios anejos y construcciones e instalaciones a cielo abierto";"57";"Pozos y galerías";30/06/2023;;
"4";"Espacios anejos y construcciones e instalaciones a cielo abierto";"58";"Recintos para el recibo y acopio de materias primas";30/06/2023;;
"5";"Construcciones e instalaciones auxiliares";"59";"Cámaras frigoríficas";30/06/2023;;
"5";"Construcciones e instalaciones auxiliares";"60";"Casetas de riego";30/06/2023;;
"5";"Construcciones e instalaciones auxiliares";"61";"Casetas de transformadores";30/06/2023;;
"5";"Construcciones e instalaciones auxiliares";"62";"Balsas para riego";30/06/2023;;
"5";"Construcciones e instalaciones auxiliares";"63";"Depuradoras";30/06/2023;;
"1";"Naves y obras de edificación de entidad constructiva";"64";"Invernadero con estructura de madera";21/05/2025;;
"5";"Construcciones e instalaciones auxiliares";"65";"Saneamiento, desagües, drenajes y fosas";30/06/2023;;
"5";"Construcciones e instalaciones auxiliares";"66";"Secaderos de grano";30/06/2023;;
"5";"Construcciones e instalaciones auxiliares";"67";"Secaderos de tabaco";30/06/2023;;
"6";"Depósitos";"68";"Depósito de líquido";30/06/2023;;
"6";"Depósitos";"69";"Depósitos de gas";30/06/2023;;
"6";"Depósitos";"70";"Estanques y balsas";30/06/2023;;
"6";"Depósitos";"71";"Fosas de purín";30/06/2023;;
"6";"Depósitos";"72";"Silos de grano";30/06/2023;;
"6";"Depósitos";"73";"Silos forrajeros, heniles y pajares";30/06/2023;;
"7";"Construcciones tradicionales ";"74";"Horreo";30/06/2023;;
"7";"Construcciones tradicionales ";"75";"Molino";30/06/2023;;
"7";"Construcciones tradicionales ";"76";"Noria";30/06/2023;;
"7";"Construcciones tradicionales ";"77";"Palloza";30/06/2023;;
"8";"Instalación eléctrica";"78";"Alumbrado";30/06/2023;;
"8";"Instalación eléctrica";"79";"Electrificación por energía eólica";30/06/2023;;
"8";"Instalación eléctrica";"80";"Instalaciones de paneles solares";30/06/2023;;
"8";"Instalación eléctrica";"81";"Electrificación por línea";30/06/2023;;
"8";"Instalación eléctrica";"82";"Grupos electrógenos";30/06/2023;;
"8";"Instalación eléctrica";"83";"Transformadores";30/06/2023;;
"9";"Instalación riego";"84";"Bomba";30/06/2023;;
"9";"Instalación riego";"85";"Cabezal de riego";30/06/2023;;
"9";"Instalación riego";"86";"Electroválvulas";30/06/2023;;
"9";"Instalación riego";"87";"Sistemas agua subterránea";30/06/2023;;
"9";"Instalación riego";"88";"Sistemas agua superficial";04/07/2023;;
"1";"Naves y obras de edificación de entidad constructiva";"89";"Alojamiento ganadero ovino";30/06/2023;;
"1";"Naves y obras de edificación de entidad constructiva";"90";"Alojamiento ganadero caprino";30/06/2023;;
"1";"Naves y obras de edificación de entidad constructiva";"91";"Instalación de recepción, selección, preparación, tratamiento y envasado semillas";30/06/2023;;
"1";"Naves y obras de edificación de entidad constructiva";"92";"Almacén conservación semillas";30/06/2023;;
"1";"Naves y obras de edificación de entidad constructiva";"93";"Centro expedición y logística";30/06/2023;;
"1";"Naves y obras de edificación de entidad constructiva";"94";"Oficina";30/06/2023;;
"1";"Naves y obras de edificación de entidad constructiva";"95";"Instalación para acondicionamiento de grano";30/06/2023;;
"1";"Naves y obras de edificación de entidad constructiva";"96";"Instalación de geminación de semillas                                                                                          ";30/06/2023;;
"1";"Naves y obras de edificación de entidad constructiva";"97";"Instalación de procesamiento de madera o embalajes de madera";30/06/2023;;
"1";"Naves y obras de edificación de entidad constructiva";"98";"Centro de jardinería";30/06/2023;;
"1";"Naves y obras de edificación de entidad constructiva";"99";"Laboratorio";30/06/2023;;
"5";"Construcciones e instalaciones auxiliares";"100";"Campo madre de plantas de vivero (en invernadero)";30/06/2023;;
"5";"Construcciones e instalaciones auxiliares";"101";"Campo de producción de plantas de vivero (en invernadero)";30/06/2023;;
"5";"Construcciones e instalaciones auxiliares";"102";"Almacén para la preparación y conservación de plantas de vivero";30/06/2023;;
"5";"Construcciones e instalaciones auxiliares";"103";"Semillero";30/06/2023;;
"5";"Construcciones e instalaciones auxiliares";"104";"Instalación para aclimatación de plantas en producción “in vitro”";30/06/2023;;
"5";"Construcciones e instalaciones auxiliares";"105";"Cámaras conservación, estratificación y multiplicación de semillas, estaquillas o injertos";30/06/2023;;
"5";"Construcciones e instalaciones auxiliares";"106";"Campo madre de plantas de vivero";30/06/2023;;
"5";"Construcciones e instalaciones auxiliares";"107";"Campo de producción de plantas de vivero";30/06/2023;;
"5";"Construcciones e instalaciones auxiliares";"108";"Campo de precontrol y postcontrol de semillas";30/06/2023;;
"4";"Espacios anejos y construcciones e instalaciones a cielo abierto";"109";"Cerramientos de la explotación";30/06/2023;;
