"Id";"Código";"Producto";"Código SIEX";"Cultivo SIEX";Fecha de alta;Fecha de modificación;Fecha de baja
"1";"2.1.5.9.";"Aceitunas";"101";"OLIVO";24/05/2023;;
"1";"2.1.5.9.";"Aceitunas";"363";"ACEBUCHE";05/12/2025;;
"2";"2.2.7.2.1.";"Acelgas";"166";"ACELGA";24/05/2023;;
"3";"2.2.7.1.5.";"Achicorias (hojas)";"181";"ACHICORIA";24/05/2023;;
"4";"2.1.5.1.";"Aguacates";"343";"AGUACATE";24/05/2023;;
"5";"2.2.9.7.";"Ajetes, ajos tiernos";"169";"AJO";24/05/2023;;
"5";"2.2.9.7.";"Ajetes, ajos tiernos";"961";"AJO PUERRO";18/12/2025;;
"6";"2.2.2.1.";"Ajos";"169";"AJO";24/05/2023;;
"7";"2.1.3.2.";"Albaricoques";"107";"ALBARICOQUERO";24/05/2023;;
"8";"2.2.9.5.";"Alcachofas";"164";"ALCACHOFA";24/05/2023;;
"9";"2.8.";"Algarrobas (vainas de algarrobo)";"122";"ALGARROBO";26/05/2025;;
"9";"2.8.";"Algarrobas (vainas de algarrobo)";"248";"ALGARROBA";24/05/2023;;26/05/2025
"10";"2.27.1.";"Almendras";"104";"ALMENDRO";24/05/2023;;
"12";"2.2.1.3.";"Apionabos";"158";"APIO";24/05/2023;;
"13";"2.2.9.3.";"Apios";"158";"APIO";24/05/2023;;
"14";"2.1.4.3.4.";"Arándanos rojos";"216";"ARÁNDANO";24/05/2023;;
"15";"2.1.4.3.3.";"Arándanos, mirtilos";"216";"ARÁNDANO";24/05/2023;;
"16";"2.27.6.";"Avellanas";"123";"AVELLANO";24/05/2023;;
"17";"2.2.7.1.8.";"Barbareas";"480";"BARBAREA";24/05/2023;;
"18";"2.2.3.3.";"Berenjenas";"162";"BERENJENA";24/05/2023;;
"19";"2.2.7.3.";"Berros de agua";"191";"BERRO DE AGUA";24/05/2023;;
"20";"2.2.7.1.1.";"Berros, mastuerzos";"419";"BERRO HORTELANO";24/05/2023;;
"21";"2.2.6.3.2.";"Berzas, coles";"175";"BERZA";24/05/2023;;
"22";"2.2.1.13.";"Boniatos, batatas";"121";"BONIATO";24/05/2023;;
"22";"2.2.1.13.";"Boniatos, batatas";"926";"BATATA";05/12/2025;;
"23";"2.2.9.9.";"Borrajas";"187";"BORRAJA";24/05/2023;;
"24";"2.2.7.1.9.";"Brotes tiernos, incluidas las especies de Brassica (producto cosechado)";"1";"TRIGO BLANDO";24/05/2023;;
"24";"2.2.7.1.9.";"Brotes tiernos, incluidas las especies de Brassica (producto cosechado)";"3";"TRIGO DURO";24/05/2023;;
"24";"2.2.7.1.9.";"Brotes tiernos, incluidas las especies de Brassica (producto cosechado)";"4";"MAÍZ";24/05/2023;;
"24";"2.2.7.1.9.";"Brotes tiernos, incluidas las especies de Brassica (producto cosechado)";"5";"CEBADA";24/05/2023;;
"24";"2.2.7.1.9.";"Brotes tiernos, incluidas las especies de Brassica (producto cosechado)";"6";"CENTENO";24/05/2023;;
"24";"2.2.7.1.9.";"Brotes tiernos, incluidas las especies de Brassica (producto cosechado)";"7";"SORGO";24/05/2023;;
"24";"2.2.7.1.9.";"Brotes tiernos, incluidas las especies de Brassica (producto cosechado)";"8";"AVENA";24/05/2023;;
"24";"2.2.7.1.9.";"Brotes tiernos, incluidas las especies de Brassica (producto cosechado)";"9";"ALFORFÓN";24/05/2023;;
"24";"2.2.7.1.9.";"Brotes tiernos, incluidas las especies de Brassica (producto cosechado)";"10";"MIJO";24/05/2023;;
"24";"2.2.7.1.9.";"Brotes tiernos, incluidas las especies de Brassica (producto cosechado)";"33";"GIRASOL";24/05/2023;;
"24";"2.2.7.1.9.";"Brotes tiernos, incluidas las especies de Brassica (producto cosechado)";"34";"SOJA";24/05/2023;;
"24";"2.2.7.1.9.";"Brotes tiernos, incluidas las especies de Brassica (producto cosechado)";"40";"GUISANTE";24/05/2023;;
"24";"2.2.7.1.9.";"Brotes tiernos, incluidas las especies de Brassica (producto cosechado)";"50";"GARBANZO";24/05/2023;;
"24";"2.2.7.1.9.";"Brotes tiernos, incluidas las especies de Brassica (producto cosechado)";"51";"LENTEJA";24/05/2023;;
"24";"2.2.7.1.9.";"Brotes tiernos, incluidas las especies de Brassica (producto cosechado)";"60";"ALFALFA";24/05/2023;;
"24";"2.2.7.1.9.";"Brotes tiernos, incluidas las especies de Brassica (producto cosechado)";"77";"TRÉBOL";24/05/2023;;
"24";"2.2.7.1.9.";"Brotes tiernos, incluidas las especies de Brassica (producto cosechado)";"82";"REMOLACHA";24/05/2023;;
"24";"2.2.7.1.9.";"Brotes tiernos, incluidas las especies de Brassica (producto cosechado)";"86";"CÁÑAMO";24/05/2023;;
"24";"2.2.7.1.9.";"Brotes tiernos, incluidas las especies de Brassica (producto cosechado)";"151";"PUERRO";24/05/2023;;
"24";"2.2.7.1.9.";"Brotes tiernos, incluidas las especies de Brassica (producto cosechado)";"154";"BRÓCOLI";24/05/2023;;
"24";"2.2.7.1.9.";"Brotes tiernos, incluidas las especies de Brassica (producto cosechado)";"157";"CEBOLLA";24/05/2023;;
"24";"2.2.7.1.9.";"Brotes tiernos, incluidas las especies de Brassica (producto cosechado)";"158";"APIO";24/05/2023;;
"24";"2.2.7.1.9.";"Brotes tiernos, incluidas las especies de Brassica (producto cosechado)";"167";"CEBOLLETA";24/05/2023;;
"24";"2.2.7.1.9.";"Brotes tiernos, incluidas las especies de Brassica (producto cosechado)";"169";"AJO";24/05/2023;;
"24";"2.2.7.1.9.";"Brotes tiernos, incluidas las especies de Brassica (producto cosechado)";"173";"COL ROJA O LOMBARDA";24/05/2023;;
"24";"2.2.7.1.9.";"Brotes tiernos, incluidas las especies de Brassica (producto cosechado)";"190";"RÁBANO";24/05/2023;;
"24";"2.2.7.1.9.";"Brotes tiernos, incluidas las especies de Brassica (producto cosechado)";"191";"BERRO DE AGUA";24/05/2023;;
"24";"2.2.7.1.9.";"Brotes tiernos, incluidas las especies de Brassica (producto cosechado)";"222";"QUINOA";24/05/2023;;
"24";"2.2.7.1.9.";"Brotes tiernos, incluidas las especies de Brassica (producto cosechado)";"252";"CILANTRO";24/05/2023;;
"24";"2.2.7.1.9.";"Brotes tiernos, incluidas las especies de Brassica (producto cosechado)";"260";"HINOJO";24/05/2023;;
"24";"2.2.7.1.9.";"Brotes tiernos, incluidas las especies de Brassica (producto cosechado)";"264";"ALBAHACA";24/05/2023;;
"24";"2.2.7.1.9.";"Brotes tiernos, incluidas las especies de Brassica (producto cosechado)";"279";"ESPÁRRAGO";24/05/2023;;
"24";"2.2.7.1.9.";"Brotes tiernos, incluidas las especies de Brassica (producto cosechado)";"329";"AMARANTO";24/05/2023;;
"24";"2.2.7.1.9.";"Brotes tiernos, incluidas las especies de Brassica (producto cosechado)";"332";"MOSTAZA";24/05/2023;;
"24";"2.2.7.1.9.";"Brotes tiernos, incluidas las especies de Brassica (producto cosechado)";"401";"CEBOLLINO";24/05/2023;;
"24";"2.2.7.1.9.";"Brotes tiernos, incluidas las especies de Brassica (producto cosechado)";"419";"BERRO HORTELANO";24/05/2023;;
"24";"2.2.7.1.9.";"Brotes tiernos, incluidas las especies de Brassica (producto cosechado)";"916";"KALE";24/05/2023;;
"24";"2.2.7.1.9.";"Brotes tiernos, incluidas las especies de Brassica (producto cosechado)";"929";"RÚCULA";24/05/2023;;
"25";"2.2.6.1.1.";"Brécoles";"154";"BRÓCOLI";24/05/2023;;
"25";"2.2.6.1.1.";"Brécoles";"463";"CHOISUM";05/12/2025;;
"25";"2.2.6.1.1.";"Brécoles";"464";"BRÓCOLI CHINO";05/12/2025;;
"26";"2.20.6.";"Bulbos de ornamentales";"91";"FLORES";24/05/2023;;
"26";"2.20.6.";"Bulbos de ornamentales";"416";"PATACA";24/05/2023;;
"26";"2.20.6.";"Bulbos de ornamentales";"932";"PLANTAS ORNAMENTALES";24/05/2023;;
"28";"2.6.";"Café en grano";"291";"CAFÉ";24/05/2023;;
"29";"2.2.4.1.3.";"Calabacines";"163";"CALABACÍN";24/05/2023;;
"30";"2.2.4.2.2.";"Calabazas";"185";"CALABAZA";24/05/2023;;
"31";"2.2.7.1.2.";"Canónigos";"417";"CANÓNIGO";24/05/2023;;
"32";"2.1.5.14.";"Caquis";"213";"CAQUI o PALOSANTO";24/05/2023;;
"33";"2.2.9.2.";"Cardos";"184";"CARDO";24/05/2023;;
"34";"2.27.4.";"Castañas";"117";"CASTAÑO";24/05/2023;;
"35";"2.16.";"Caña de azúcar (producto cosechado)";"220";"CAÑA DE AZÚCAR";24/05/2023;;
"36";"2.2.2.2.";"Cebollas";"157";"CEBOLLA";24/05/2023;;
"37";"2.2.2.4.";"Cebolletas";"167";"CEBOLLETA";24/05/2023;;
"38";"2.2.7.5.2.";"Cebollinos";"401";"CEBOLLINO";24/05/2023;;
"39";"2.1.3.4.";"Cerezas";"110";"CEREZO";24/05/2023;;
"39";"2.1.3.4.";"Cerezas";"437";"GUINDO";05/12/2025;;
"40";"2.2.2.3.";"Chalotes";"168";"CHALOTA";24/05/2023;;
"41";"2.2.10.1.1.";"Champiñones";"194";"CHAMPIÑÓN";24/05/2023;;
"42";"2.1.5.13.";"Chirimoyas";"345";"CHIRIMOYO";24/05/2023;;
"43";"2.2.1.5.";"Chirivías";"171";"CHIRIVÍA";24/05/2023;;
"44";"2.2.1.15.";"Chufas";"89";"CHUFA";24/05/2023;;
"45";"2.1.3.3.";"Ciruelas";"111";"CIRUELO";24/05/2023;;
"46";"2.18.2.";"Ciruelas pasas";"111";"CIRUELO";24/05/2023;;
"48";"2.2.6.2.1.";"Coles de Bruselas";"176";"COL DE BRUSELAS";24/05/2023;;
"49";"2.2.6.3.1.";"Coles de China";"304";"COL CHINA";24/05/2023;;
"49";"2.2.6.3.1.";"Coles de China";"484";"GRELOS";05/12/2025;;
"50";"2.2.6.1.2.";"Coliflores";"160";"COLIFLOR";24/05/2023;;
"51";"2.2.1.8.";"Colinabos";"478";"COLINABO";24/05/2023;;
"52";"2.2.6.4.";"Colirrábanos";"159";"COLIRRÁBANO";24/05/2023;;
"53";"2.17.7.";"Coronas de remolacha";"82";"REMOLACHA";24/05/2023;;
"54";"2.1.5.3.";"Dátiles";"943";"PALMERA DATILERA";24/05/2023;;
"55";"2.18.6.";"Dátiles secos";"943";"PALMERA DATILERA";24/05/2023;;
"56";"2.2.7.4.";"Endibias";"177";"ENDIVIA";24/05/2023;;
"57";"2.2.7.1.4.";"Escarolas";"189";"ESCAROLA";24/05/2023;;
"58";"2.2.1.10.";"Escorzoneras";"479";"ESCORZONERA";24/05/2023;;
"59";"2.12.";"Especias";"90";"REGALIZ";24/05/2023;;
"59";"2.12.";"Especias";"118";"ESPECIES AROMÁTICAS LEÑOSAS";24/05/2023;;
"59";"2.12.";"Especias";"152";"PIMIENTO";24/05/2023;;
"59";"2.12.";"Especias";"251";"AJEDREA";24/05/2023;;
"59";"2.12.";"Especias";"252";"CILANTRO";24/05/2023;;
"59";"2.12.";"Especias";"253";"ANÍS DULCE";24/05/2023;;
"59";"2.12.";"Especias";"254";"ENELDO";24/05/2023;;
"59";"2.12.";"Especias";"256";"VALERIANA";24/05/2023;;
"59";"2.12.";"Especias";"257";"ARTEMISA";24/05/2023;;
"59";"2.12.";"Especias";"258";"GENCIANA";24/05/2023;;
"59";"2.12.";"Especias";"259";"HISOPO";24/05/2023;;
"59";"2.12.";"Especias";"260";"HINOJO";24/05/2023;;
"59";"2.12.";"Especias";"261";"PEREJIL";24/05/2023;;
"59";"2.12.";"Especias";"262";"AZAFRÁN";24/05/2023;;
"59";"2.12.";"Especias";"263";"TOMILLO";24/05/2023;;
"59";"2.12.";"Especias";"264";"ALBAHACA";24/05/2023;;
"59";"2.12.";"Especias";"265";"MELISA O TORONJIL";24/05/2023;;
"59";"2.12.";"Especias";"266";"MENTA";24/05/2023;;
"59";"2.12.";"Especias";"267";"ORÉGANO";24/05/2023;;
"59";"2.12.";"Especias";"268";"SALVIA";24/05/2023;;
"59";"2.12.";"Especias";"269";"PERIFOLLO";24/05/2023;;
"59";"2.12.";"Especias";"270";"ESTRAGÓN";24/05/2023;;
"59";"2.12.";"Especias";"271";"MEJORANA";24/05/2023;;
"59";"2.12.";"Especias";"272";"CALÉNDULA";24/05/2023;;
"59";"2.12.";"Especias";"273";"COMINO";24/05/2023;;
"59";"2.12.";"Especias";"274";"ESTEVIA";24/05/2023;;
"59";"2.12.";"Especias";"275";"HIPÉRICO";24/05/2023;;
"59";"2.12.";"Especias";"276";"HIERBABUENA";24/05/2023;;
"59";"2.12.";"Especias";"277";"VERBENA";24/05/2023;;
"59";"2.12.";"Especias";"281";"LAVANDA";24/05/2023;;
"59";"2.12.";"Especias";"282";"LAVANDÍN";24/05/2023;;
"59";"2.12.";"Especias";"283";"ALCAPARRA";24/05/2023;;
"59";"2.12.";"Especias";"284";"AJENJO";24/05/2023;;
"59";"2.12.";"Especias";"285";"ESPLIEGO";24/05/2023;;
"59";"2.12.";"Especias";"286";"HELICRISO";24/05/2023;;
"59";"2.12.";"Especias";"287";"HIERBALUISA";24/05/2023;;
"59";"2.12.";"Especias";"288";"ROMERO";24/05/2023;;
"59";"2.12.";"Especias";"289";"SANTOLINA";24/05/2023;;
"59";"2.12.";"Especias";"290";"ALOE VERA";24/05/2023;;
"59";"2.12.";"Especias";"308";"AGRIMONIA";24/05/2023;;
"59";"2.12.";"Especias";"309";"BARDANA";24/05/2023;;
"59";"2.12.";"Especias";"310";"DIENTE DE LEÓN";24/05/2023;;
"59";"2.12.";"Especias";"311";"ENULA";24/05/2023;;
"59";"2.12.";"Especias";"312";"EQUINACEA";24/05/2023;;
"59";"2.12.";"Especias";"313";"GINSENG";24/05/2023;;
"59";"2.12.";"Especias";"315";"LLANTÉN";24/05/2023;;
"59";"2.12.";"Especias";"316";"MALVAVISCO";24/05/2023;;
"59";"2.12.";"Especias";"317";"MANZANILLA AMARGA";24/05/2023;;
"59";"2.12.";"Especias";"318";"MANZANILLA DULCE";24/05/2023;;
"59";"2.12.";"Especias";"319";"MILENRAMA";24/05/2023;;
"59";"2.12.";"Especias";"320";"POLEO";24/05/2023;;
"59";"2.12.";"Especias";"322";"ROMPEPIEDRA";24/05/2023;;
"59";"2.12.";"Especias";"323";"TRAVALERA";24/05/2023;;
"59";"2.12.";"Especias";"324";"VARA DE ORO";24/05/2023;;
"59";"2.12.";"Especias";"332";"MOSTAZA";24/05/2023;;
"59";"2.12.";"Especias";"401";"CEBOLLINO";24/05/2023;;
"59";"2.12.";"Especias";"402";"ACEDERILLA";24/05/2023;;
"59";"2.12.";"Especias";"404";"BOTÓN DE ORO";24/05/2023;;
"59";"2.12.";"Especias";"406";"CHUPAMIELES";24/05/2023;;
"59";"2.12.";"Especias";"409";"DEDALERA O DIGITAL";24/05/2023;;
"59";"2.12.";"Especias";"410";"CICUTA";24/05/2023;;
"59";"2.12.";"Especias";"411";"JABONERA";24/05/2023;;
"59";"2.12.";"Especias";"412";"MALVA COMÚN";24/05/2023;;
"59";"2.12.";"Especias";"413";"PULMONARIA";24/05/2023;;
"60";"2.2.7.2.2.";"Espinacas";"183";"ESPINACA";24/05/2023;;
"61";"2.2.9.1.";"Espárragos";"279";"ESPÁRRAGO";24/05/2023;;
"64";"2.21. ";"Flores cortadas";"91";"FLORES";24/05/2023;;
"65";"2.17.1.";"Forraje de alfalfa";"60";"ALFALFA";24/05/2023;;
"65";"2.17.1.";"Forraje de alfalfa";"490";"MEDICAGO";05/12/2025;;
"66";"2.17.5.";"Forraje de gramíneas";"4";"MAÍZ";24/05/2023;;
"66";"2.17.5.";"Forraje de gramíneas";"7";"SORGO";24/05/2023;;
"66";"2.17.5.";"Forraje de gramíneas";"68";"FESTUCA";24/05/2023;;
"66";"2.17.5.";"Forraje de gramíneas";"69";"RAYGRASS PERENNE";24/05/2023;;
"67";"2.17.2.";"Forraje de leguminosas";"40";"GUISANTE";24/05/2023;;
"67";"2.17.2.";"Forraje de leguminosas";"41";"HABA";24/05/2023;;
"67";"2.17.2.";"Forraje de leguminosas";"52";"VEZA";24/05/2023;;
"67";"2.17.2.";"Forraje de leguminosas";"60";"ALFALFA";24/05/2023;;
"67";"2.17.2.";"Forraje de leguminosas";"61";"ALHOLVA";24/05/2023;;
"67";"2.17.2.";"Forraje de leguminosas";"67";"ESPARCETA";24/05/2023;;
"67";"2.17.2.";"Forraje de leguminosas";"76";"ZULLA";24/05/2023;;
"67";"2.17.2.";"Forraje de leguminosas";"77";"TRÉBOL";24/05/2023;;
"67";"2.17.2.";"Forraje de leguminosas";"238";"ALTRAMUZ AMARILLO";24/05/2023;;
"67";"2.17.2.";"Forraje de leguminosas";"248";"ALGARROBA";24/05/2023;;
"67";"2.17.2.";"Forraje de leguminosas";"390";"HABONCILLO";05/12/2025;;
"67";"2.17.2.";"Forraje de leguminosas";"483";"VEZA VELLOSA";24/05/2023;;
"68";"2.17.12.";"Forrajes desecados";"4";"MAÍZ";24/05/2023;;
"68";"2.17.12.";"Forrajes desecados";"5";"CEBADA";24/05/2023;;
"68";"2.17.12.";"Forrajes desecados";"40";"GUISANTE";24/05/2023;;
"68";"2.17.12.";"Forrajes desecados";"41";"HABA";24/05/2023;;
"68";"2.17.12.";"Forrajes desecados";"52";"VEZA";24/05/2023;;
"68";"2.17.12.";"Forrajes desecados";"60";"ALFALFA";24/05/2023;;
"68";"2.17.12.";"Forrajes desecados";"61";"ALHOLVA";24/05/2023;;
"68";"2.17.12.";"Forrajes desecados";"67";"ESPARCETA";24/05/2023;;
"68";"2.17.12.";"Forrajes desecados";"68";"FESTUCA";24/05/2023;;
"68";"2.17.12.";"Forrajes desecados";"69";"RAYGRASS PERENNE";24/05/2023;;
"68";"2.17.12.";"Forrajes desecados";"76";"ZULLA";24/05/2023;;
"68";"2.17.12.";"Forrajes desecados";"77";"TRÉBOL";24/05/2023;;
"68";"2.17.12.";"Forrajes desecados";"82";"REMOLACHA";24/05/2023;;
"68";"2.17.12.";"Forrajes desecados";"171";"CHIRIVÍA";24/05/2023;;
"68";"2.17.12.";"Forrajes desecados";"175";"BERZA";24/05/2023;;
"68";"2.17.12.";"Forrajes desecados";"178";"ZANAHORIA";24/05/2023;;
"68";"2.17.12.";"Forrajes desecados";"179";"NABO";24/05/2023;;
"68";"2.17.12.";"Forrajes desecados";"184";"CARDO";24/05/2023;;
"68";"2.17.12.";"Forrajes desecados";"185";"CALABAZA";24/05/2023;;
"68";"2.17.12.";"Forrajes desecados";"238";"ALTRAMUZ AMARILLO";24/05/2023;;
"68";"2.17.12.";"Forrajes desecados";"247";"CULTIVOS MIXTOS DE ESPECIES PRATENSES";24/05/2023;;
"68";"2.17.12.";"Forrajes desecados";"248";"ALGARROBA";24/05/2023;;
"68";"2.17.12.";"Forrajes desecados";"416";"PATACA";24/05/2023;;
"68";"2.17.12.";"Forrajes desecados";"483";"VEZA VELLOSA";24/05/2023;;
"69";"2.1.4.3.2.";"Frambuesas";"192";"FRAMBUESA";24/05/2023;;
"70";"2.1.4.2.";"Fresas";"219";"FRESA";24/05/2023;;
"70";"2.1.4.2.";"Fresas";"938";"FRESÓN";15/12/2025;;
"71";"2.1.5.10.";"Frutos de la pasión";"944";"MARACUYÁ o FRUTO DE LA PASIÓN";24/05/2023;;
"72";"2.1.5.12.";"Granadas";"217";"GRANADO";24/05/2023;;
"73";"2.13.6.";"Granos de arroz";"80";"ARROZ";24/05/2023;;
"74";"2.13.4.";"Granos de avena";"8";"AVENA";24/05/2023;;
"75";"2.13.3.";"Granos de cebada";"5";"CEBADA";24/05/2023;;
"76";"2.13.2.";"Granos de centeno";"6";"CENTENO";24/05/2023;;
"77";"2.3.4.";"Granos de garbanzos";"50";"GARBANZO";24/05/2023;;
"78";"2.3.3.";"Granos de guisantes";"40";"GUISANTE";24/05/2023;;
"79";"2.3.1.";"Granos de judías";"49";"ALUBIA";24/05/2023;;
"80";"2.3.2.";"Granos de lentejas";"51";"LENTEJA";24/05/2023;;
"81";"2.13.7.";"Granos de maíz";"4";"MAÍZ";24/05/2023;;
"82";"2.3.5.";"Granos de otras legumbres";"34";"SOJA";24/05/2023;;
"82";"2.3.5.";"Granos de otras legumbres";"41";"HABA";24/05/2023;;
"82";"2.3.5.";"Granos de otras legumbres";"43";"ALTRAMUZ BLANCO";24/05/2023;;
"82";"2.3.5.";"Granos de otras legumbres";"52";"VEZA";24/05/2023;;
"82";"2.3.5.";"Granos de otras legumbres";"53";"YEROS";24/05/2023;;
"82";"2.3.5.";"Granos de otras legumbres";"60";"ALFALFA";24/05/2023;;
"82";"2.3.5.";"Granos de otras legumbres";"61";"ALHOLVA";24/05/2023;;
"82";"2.3.5.";"Granos de otras legumbres";"67";"ESPARCETA";24/05/2023;;
"82";"2.3.5.";"Granos de otras legumbres";"76";"ZULLA";24/05/2023;;
"82";"2.3.5.";"Granos de otras legumbres";"77";"TRÉBOL";24/05/2023;;
"82";"2.3.5.";"Granos de otras legumbres";"87";"CACAHUETE";24/05/2023;;
"82";"2.3.5.";"Granos de otras legumbres";"238";"ALTRAMUZ AMARILLO";24/05/2023;;
"82";"2.3.5.";"Granos de otras legumbres";"239";"ALMORTA";24/05/2023;;
"82";"2.3.5.";"Granos de otras legumbres";"240";"TITARROS";24/05/2023;;
"82";"2.3.5.";"Granos de otras legumbres";"241";"MEZCLA AVENA-VEZA";24/05/2023;;
"82";"2.3.5.";"Granos de otras legumbres";"242";"MEZCLA TRITICALE-VEZA";24/05/2023;;
"82";"2.3.5.";"Granos de otras legumbres";"243";"MEZCLA TRIGO-VEZA";24/05/2023;;
"82";"2.3.5.";"Granos de otras legumbres";"244";"MEZCLA CEBADA-VEZA";24/05/2023;;
"82";"2.3.5.";"Granos de otras legumbres";"245";"MEZCLA AVENA-ZULLA";24/05/2023;;
"82";"2.3.5.";"Granos de otras legumbres";"246";"MEZCLA CEBADA-ZULLA";24/05/2023;;
"82";"2.3.5.";"Granos de otras legumbres";"248";"ALGARROBA";24/05/2023;;
"82";"2.3.5.";"Granos de otras legumbres";"249";"ALVERJA";24/05/2023;;
"82";"2.3.5.";"Granos de otras legumbres";"250";"ALBERJÓN";24/05/2023;;
"82";"2.3.5.";"Granos de otras legumbres";"298";"MEZCLA CEBADA-GUISANTE";24/05/2023;;
"82";"2.3.5.";"Granos de otras legumbres";"299";"MEZCLA AVENA-GUISANTE";24/05/2023;;
"82";"2.3.5.";"Granos de otras legumbres";"336";"MEZCLA ALGARROBA-AVENA";24/05/2023;;
"82";"2.3.5.";"Granos de otras legumbres";"337";"MEZCLA ALGARROBA-CEBADA";24/05/2023;;
"82";"2.3.5.";"Granos de otras legumbres";"338";"MEZCLA RAYGRASS-VEZA";24/05/2023;;
"82";"2.3.5.";"Granos de otras legumbres";"339";"MEZCLA AVENA-YEROS";24/05/2023;;
"82";"2.3.5.";"Granos de otras legumbres";"340";"MEZCLA CEBADA-YEROS";24/05/2023;;
"82";"2.3.5.";"Granos de otras legumbres";"397";"JUDÍA ESCARLATA";24/05/2023;;
"82";"2.3.5.";"Granos de otras legumbres";"460";"CAUPÍ";24/05/2023;;
"82";"2.3.5.";"Granos de otras legumbres";"483";"VEZA VELLOSA";24/05/2023;;
"82";"2.3.5.";"Granos de otras legumbres";"904";"CROTALARIA JUNCEA";24/05/2023;;
"82";"2.3.5.";"Granos de otras legumbres";"937";"CUERNECILLO";24/05/2023;;
"82";"2.3.5.";"Granos de otras legumbres";"945";"MEZCLA AVENA-HABA";24/05/2023;;
"82";"2.3.5.";"Granos de otras legumbres";"946";"MEZCLA AVENA-CEBADA-VEZA";24/05/2023;;
"83";"2.13.9.";"Granos de quinoa";"222";"QUINOA";24/05/2023;;
"84";"2.13.8.";"Granos de sorgo-grano";"7";"SORGO";24/05/2023;;
"85";"2.13.1.";"Granos de trigo";"1";"TRIGO BLANDO";24/05/2023;;
"85";"2.13.1.";"Granos de trigo";"2";"ESPELTA";24/05/2023;;
"85";"2.13.1.";"Granos de trigo";"3";"TRIGO DURO";24/05/2023;;
"85";"2.13.1.";"Granos de trigo";"325";"TRIGO KHORASAN";24/05/2023;;
"85";"2.13.1.";"Granos de trigo";"393";"ESCANDA";24/05/2023;;
"85";"2.13.1.";"Granos de trigo";"394";"ESCAÑA";24/05/2023;;
"86";"2.13.5.";"Granos de triticale";"13";"TRITICALE";24/05/2023;;
"87";"2.1.4.3.5.";"Grosellas";"215";"GROSELLERO";24/05/2023;;
"88";"2.2.8.2.";"Guisantes verdes";"40";"GUISANTE";24/05/2023;;
"89";"2.4.7.";"Habas de soja";"34";"SOJA";24/05/2023;;
"90";"2.2.8.3.";"Habas verdes";"41";"HABA";24/05/2023;;
"91";"2.1.5.4.";"Higos";"218";"HIGUERA";24/05/2023;;
"92";"2.18.3.";"Higos secos";"218";"HIGUERA";24/05/2023;;
"93";"2.2.9.4.";"Hinojos";"260";"HINOJO";24/05/2023;;
"94";"2.2.7.5.4.";"Hojas de apio";"158";"APIO";24/05/2023;;
"95";"2.17.6.";"Hojas de remolacha";"82";"REMOLACHA";24/05/2023;;
"96";"2.2.8.1.";"Judías verdes";"49";"ALUBIA";24/05/2023;;
"97";"2.1.5.5.";"Kiwis";"212";"KIWI";24/05/2023;;
"98";"2.1.5.6.";"Kumquats";"911";"KUMQUAT";24/05/2023;;
"99";"2.2.7.1.3.";"Lechugas";"155";"LECHUGA";24/05/2023;;
"100";"2.1.5.7.";"Lichis";"910";"LITCHI";24/05/2023;;
"101";"2.1.1.5.";"Limas";"433";"LIMERO DULCE";05/12/2025;;
"101";"2.1.1.5.";"Limas";"434";"LIMÓN DULCE DEL MEDITERRÁNEO";05/12/2025;;
"101";"2.1.1.5.";"Limas";"912";"LIMEQUAT";05/12/2025;;
"101";"2.1.1.5.";"Limas";"915";"LIMA";24/05/2023;;
"102";"2.1.1.4.";"Limones";"207";"LIMONERO";24/05/2023;;
"102";"2.1.1.4.";"Limones";"431";"CIDRO";05/12/2025;;
"102";"2.1.1.4.";"Limones";"913";"MANO DE BUDA";05/12/2025;;
"103";"2.11.";"Lúpulo (producto cosechado)";"84";"LÚPULO";24/05/2023;;
"105";"2.1.1.2.";"Mandarinas (incluidas las clementinas e híbridos)";"204";"CLEMENTINA";15/12/2025;;
"105";"2.1.1.2.";"Mandarinas (incluidas las clementinas e híbridos)";"205";"SATSUMA";15/12/2025;;
"105";"2.1.1.2.";"Mandarinas (incluidas las clementinas e híbridos)";"209";"MANDARINO";24/05/2023;;
"105";"2.1.1.2.";"Mandarinas (incluidas las clementinas e híbridos)";"210";"MANDARINO HÍBRIDO";15/12/2025;;
"105";"2.1.1.2.";"Mandarinas (incluidas las clementinas e híbridos)";"432";"LIMÓN MANDARINA";05/12/2025;;
"106";"2.1.5.8.";"Mangos";"344";"MANGO";24/05/2023;;
"107";"2.1.2.1.";"Manzanas";"109";"MANZANO";24/05/2023;;
"108";"2.2.5.";"Maíz dulce (producto cosechado)";"4";"MAÍZ";24/05/2023;;
"109";"2.17.3.";"Maíz forrajero (producto cosechado)";"4";"MAÍZ";24/05/2023;;
"110";"2.1.3.1.";"Melocotones (incluidas las nectarinas e híbridos)";"105";"MELOCOTONERO";24/05/2023;;
"110";"2.1.3.1.";"Melocotones (incluidas las nectarinas e híbridos)";"106";"NECTARINO";15/12/2025;;
"110";"2.1.3.1.";"Melocotones (incluidas las nectarinas e híbridos)";"201";"PLATERINA";15/12/2025;;
"110";"2.1.3.1.";"Melocotones (incluidas las nectarinas e híbridos)";"202";"PARAGUAYO";15/12/2025;;
"111";"2.2.4.2.1.";"Melones";"153";"MELÓN";24/05/2023;;
"112";"2.1.2.3.";"Membrillos";"211";"MEMBRILLO";24/05/2023;;
"113";"2.2.7.5.5.";"Menta";"266";"MENTA";24/05/2023;;
"114";"2.2.7.1.7.";"Mostazas chinas";"332";"MOSTAZA";24/05/2023;;
"115";"2.2.1.9.";"Nabos";"179";"NABO";24/05/2023;;
"116";"2.1.1.1.";"Naranjas";"206";"NARANJO";24/05/2023;;
"116";"2.1.1.1.";"Naranjas";"356";"NARANJO AMARGO";05/12/2025;;
"116";"2.1.1.1.";"Naranjas";"430";"BERGAMOTO";05/12/2025;;
"116";"2.1.1.1.";"Naranjas";"435";"NARANJO MORUNO";05/12/2025;;
"117";"2.27.11.";"Nueces";"112";"NOGAL";24/05/2023;;
"119";"2.7.";"Nuez de cola";"481";"NUEZ DE COLA";24/05/2023;;
"120";"2.1.2.4.";"Nísperos, nísperos del Japón";"214";"NÍSPERO";24/05/2023;;
"121";"2.18.5.";"Orejones de albaricoque";"107";"ALBARICOQUERO";24/05/2023;;
"122";"2.18.4.";"Orejones de melocotón";"105";"MELOCOTONERO";24/05/2023;;
"123";"2.10.2.";"Otras infusiones";"90";"REGALIZ";24/05/2023;;
"123";"2.10.2.";"Otras infusiones";"118";"ESPECIES AROMÁTICAS LEÑOSAS";24/05/2023;;
"123";"2.10.2.";"Otras infusiones";"152";"PIMIENTO";24/05/2023;;
"123";"2.10.2.";"Otras infusiones";"251";"AJEDREA";24/05/2023;;
"123";"2.10.2.";"Otras infusiones";"252";"CILANTRO";24/05/2023;;
"123";"2.10.2.";"Otras infusiones";"253";"ANÍS DULCE";24/05/2023;;
"123";"2.10.2.";"Otras infusiones";"254";"ENELDO";24/05/2023;;
"123";"2.10.2.";"Otras infusiones";"256";"VALERIANA";24/05/2023;;
"123";"2.10.2.";"Otras infusiones";"257";"ARTEMISA";24/05/2023;;
"123";"2.10.2.";"Otras infusiones";"258";"GENCIANA";24/05/2023;;
"123";"2.10.2.";"Otras infusiones";"259";"HISOPO";24/05/2023;;
"123";"2.10.2.";"Otras infusiones";"260";"HINOJO";24/05/2023;;
"123";"2.10.2.";"Otras infusiones";"261";"PEREJIL";24/05/2023;;
"123";"2.10.2.";"Otras infusiones";"262";"AZAFRÁN";24/05/2023;;
"123";"2.10.2.";"Otras infusiones";"263";"TOMILLO";24/05/2023;;
"123";"2.10.2.";"Otras infusiones";"264";"ALBAHACA";24/05/2023;;
"123";"2.10.2.";"Otras infusiones";"265";"MELISA O TORONJIL";24/05/2023;;
"123";"2.10.2.";"Otras infusiones";"266";"MENTA";24/05/2023;;
"123";"2.10.2.";"Otras infusiones";"267";"ORÉGANO";24/05/2023;;
"123";"2.10.2.";"Otras infusiones";"268";"SALVIA";24/05/2023;;
"123";"2.10.2.";"Otras infusiones";"269";"PERIFOLLO";24/05/2023;;
"123";"2.10.2.";"Otras infusiones";"270";"ESTRAGÓN";24/05/2023;;
"123";"2.10.2.";"Otras infusiones";"271";"MEJORANA";24/05/2023;;
"123";"2.10.2.";"Otras infusiones";"272";"CALÉNDULA";24/05/2023;;
"123";"2.10.2.";"Otras infusiones";"273";"COMINO";24/05/2023;;
"123";"2.10.2.";"Otras infusiones";"274";"ESTEVIA";24/05/2023;;
"123";"2.10.2.";"Otras infusiones";"275";"HIPÉRICO";24/05/2023;;
"123";"2.10.2.";"Otras infusiones";"276";"HIERBABUENA";24/05/2023;;
"123";"2.10.2.";"Otras infusiones";"277";"VERBENA";24/05/2023;;
"123";"2.10.2.";"Otras infusiones";"281";"LAVANDA";24/05/2023;;
"123";"2.10.2.";"Otras infusiones";"282";"LAVANDÍN";24/05/2023;;
"123";"2.10.2.";"Otras infusiones";"283";"ALCAPARRA";24/05/2023;;
"123";"2.10.2.";"Otras infusiones";"284";"AJENJO";24/05/2023;;
"123";"2.10.2.";"Otras infusiones";"285";"ESPLIEGO";24/05/2023;;
"123";"2.10.2.";"Otras infusiones";"286";"HELICRISO";24/05/2023;;
"123";"2.10.2.";"Otras infusiones";"287";"HIERBALUISA";24/05/2023;;
"123";"2.10.2.";"Otras infusiones";"288";"ROMERO";24/05/2023;;
"123";"2.10.2.";"Otras infusiones";"289";"SANTOLINA";24/05/2023;;
"123";"2.10.2.";"Otras infusiones";"290";"ALOE VERA";24/05/2023;;
"123";"2.10.2.";"Otras infusiones";"308";"AGRIMONIA";24/05/2023;;
"123";"2.10.2.";"Otras infusiones";"309";"BARDANA";24/05/2023;;
"123";"2.10.2.";"Otras infusiones";"310";"DIENTE DE LEÓN";24/05/2023;;
"123";"2.10.2.";"Otras infusiones";"311";"ENULA";24/05/2023;;
"123";"2.10.2.";"Otras infusiones";"312";"EQUINACEA";24/05/2023;;
"123";"2.10.2.";"Otras infusiones";"313";"GINSENG";24/05/2023;;
"123";"2.10.2.";"Otras infusiones";"315";"LLANTÉN";24/05/2023;;
"123";"2.10.2.";"Otras infusiones";"316";"MALVAVISCO";24/05/2023;;
"123";"2.10.2.";"Otras infusiones";"317";"MANZANILLA AMARGA";24/05/2023;;
"123";"2.10.2.";"Otras infusiones";"318";"MANZANILLA DULCE";24/05/2023;;
"123";"2.10.2.";"Otras infusiones";"319";"MILENRAMA";24/05/2023;;
"123";"2.10.2.";"Otras infusiones";"320";"POLEO";24/05/2023;;
"123";"2.10.2.";"Otras infusiones";"322";"ROMPEPIEDRA";24/05/2023;;
"123";"2.10.2.";"Otras infusiones";"323";"TRAVALERA";24/05/2023;;
"123";"2.10.2.";"Otras infusiones";"324";"VARA DE ORO";24/05/2023;;
"123";"2.10.2.";"Otras infusiones";"332";"MOSTAZA";24/05/2023;;
"123";"2.10.2.";"Otras infusiones";"401";"CEBOLLINO";24/05/2023;;
"123";"2.10.2.";"Otras infusiones";"402";"ACEDERILLA";24/05/2023;;
"123";"2.10.2.";"Otras infusiones";"404";"BOTÓN DE ORO";24/05/2023;;
"123";"2.10.2.";"Otras infusiones";"406";"CHUPAMIELES";24/05/2023;;
"123";"2.10.2.";"Otras infusiones";"409";"DEDALERA O DIGITAL";24/05/2023;;
"123";"2.10.2.";"Otras infusiones";"410";"CICUTA";24/05/2023;;
"123";"2.10.2.";"Otras infusiones";"411";"JABONERA";24/05/2023;;
"123";"2.10.2.";"Otras infusiones";"412";"MALVA COMÚN";24/05/2023;;
"123";"2.10.2.";"Otras infusiones";"413";"PULMONARIA";24/05/2023;;
"124";"2.17.11.";"Otros forrajes y pajas";"82";"REMOLACHA";24/05/2023;;
"124";"2.17.11.";"Otros forrajes y pajas";"171";"CHIRIVÍA";24/05/2023;;
"124";"2.17.11.";"Otros forrajes y pajas";"175";"BERZA";24/05/2023;;
"124";"2.17.11.";"Otros forrajes y pajas";"178";"ZANAHORIA";24/05/2023;;
"124";"2.17.11.";"Otros forrajes y pajas";"179";"NABO";24/05/2023;;
"124";"2.17.11.";"Otros forrajes y pajas";"184";"CARDO";24/05/2023;;
"124";"2.17.11.";"Otros forrajes y pajas";"185";"CALABAZA";24/05/2023;;
"124";"2.17.11.";"Otros forrajes y pajas";"247";"CULTIVOS MIXTOS DE ESPECIES PRATENSES";24/05/2023;;
"124";"2.17.11.";"Otros forrajes y pajas";"416";"PATACA";24/05/2023;;
"126";"2.27.8.";"Pacanas, nueces de Pecán";"501";"NOGAL PECANO";24/04/2025;;
"127";"2.17.8.";"Paja de cereales";"1";"TRIGO BLANDO";24/05/2023;;
"127";"2.17.8.";"Paja de cereales";"2";"ESPELTA";24/05/2023;;
"127";"2.17.8.";"Paja de cereales";"3";"TRIGO DURO";24/05/2023;;
"127";"2.17.8.";"Paja de cereales";"4";"MAÍZ";24/05/2023;;
"127";"2.17.8.";"Paja de cereales";"5";"CEBADA";24/05/2023;;
"127";"2.17.8.";"Paja de cereales";"6";"CENTENO";24/05/2023;;
"127";"2.17.8.";"Paja de cereales";"7";"SORGO";24/05/2023;;
"127";"2.17.8.";"Paja de cereales";"8";"AVENA";24/05/2023;;
"127";"2.17.8.";"Paja de cereales";"9";"ALFORFÓN";24/05/2023;;
"127";"2.17.8.";"Paja de cereales";"10";"MIJO";24/05/2023;;
"127";"2.17.8.";"Paja de cereales";"11";"ALPISTE";24/05/2023;;
"127";"2.17.8.";"Paja de cereales";"12";"TRANQUILLÓN";24/05/2023;;
"127";"2.17.8.";"Paja de cereales";"13";"TRITICALE";24/05/2023;;
"127";"2.17.8.";"Paja de cereales";"14";"TRITORDEUM";24/05/2023;;
"127";"2.17.8.";"Paja de cereales";"19";"TEFF";24/05/2023;;
"127";"2.17.8.";"Paja de cereales";"80";"ARROZ";24/05/2023;;
"128";"2.17.9.";"Paja de legumbres";"34";"SOJA";24/05/2023;;
"128";"2.17.9.";"Paja de legumbres";"40";"GUISANTE";24/05/2023;;
"128";"2.17.9.";"Paja de legumbres";"41";"HABA";24/05/2023;;
"128";"2.17.9.";"Paja de legumbres";"43";"ALTRAMUZ BLANCO";24/05/2023;;
"128";"2.17.9.";"Paja de legumbres";"49";"ALUBIA";24/05/2023;;
"128";"2.17.9.";"Paja de legumbres";"50";"GARBANZO";24/05/2023;;
"128";"2.17.9.";"Paja de legumbres";"51";"LENTEJA";24/05/2023;;
"128";"2.17.9.";"Paja de legumbres";"52";"VEZA";24/05/2023;;
"128";"2.17.9.";"Paja de legumbres";"53";"YEROS";24/05/2023;;
"128";"2.17.9.";"Paja de legumbres";"60";"ALFALFA";24/05/2023;;
"128";"2.17.9.";"Paja de legumbres";"61";"ALHOLVA";24/05/2023;;
"128";"2.17.9.";"Paja de legumbres";"67";"ESPARCETA";24/05/2023;;
"128";"2.17.9.";"Paja de legumbres";"76";"ZULLA";24/05/2023;;
"128";"2.17.9.";"Paja de legumbres";"77";"TRÉBOL";24/05/2023;;
"128";"2.17.9.";"Paja de legumbres";"87";"CACAHUETE";24/05/2023;;
"128";"2.17.9.";"Paja de legumbres";"238";"ALTRAMUZ AMARILLO";24/05/2023;;
"128";"2.17.9.";"Paja de legumbres";"239";"ALMORTA";24/05/2023;;
"128";"2.17.9.";"Paja de legumbres";"240";"TITARROS";24/05/2023;;
"128";"2.17.9.";"Paja de legumbres";"241";"MEZCLA AVENA-VEZA";24/05/2023;;
"128";"2.17.9.";"Paja de legumbres";"242";"MEZCLA TRITICALE-VEZA";24/05/2023;;
"128";"2.17.9.";"Paja de legumbres";"243";"MEZCLA TRIGO-VEZA";24/05/2023;;
"128";"2.17.9.";"Paja de legumbres";"244";"MEZCLA CEBADA-VEZA";24/05/2023;;
"128";"2.17.9.";"Paja de legumbres";"245";"MEZCLA AVENA-ZULLA";24/05/2023;;
"128";"2.17.9.";"Paja de legumbres";"246";"MEZCLA CEBADA-ZULLA";24/05/2023;;
"128";"2.17.9.";"Paja de legumbres";"248";"ALGARROBA";24/05/2023;;
"128";"2.17.9.";"Paja de legumbres";"249";"ALVERJA";24/05/2023;;
"128";"2.17.9.";"Paja de legumbres";"250";"ALBERJÓN";24/05/2023;;
"128";"2.17.9.";"Paja de legumbres";"298";"MEZCLA CEBADA-GUISANTE";24/05/2023;;
"128";"2.17.9.";"Paja de legumbres";"299";"MEZCLA AVENA-GUISANTE";24/05/2023;;
"128";"2.17.9.";"Paja de legumbres";"336";"MEZCLA ALGARROBA-AVENA";24/05/2023;;
"128";"2.17.9.";"Paja de legumbres";"337";"MEZCLA ALGARROBA-CEBADA";24/05/2023;;
"128";"2.17.9.";"Paja de legumbres";"338";"MEZCLA RAYGRASS-VEZA";24/05/2023;;
"128";"2.17.9.";"Paja de legumbres";"339";"MEZCLA AVENA-YEROS";24/05/2023;;
"128";"2.17.9.";"Paja de legumbres";"340";"MEZCLA CEBADA-YEROS";24/05/2023;;
"128";"2.17.9.";"Paja de legumbres";"397";"JUDÍA ESCARLATA";24/05/2023;;
"128";"2.17.9.";"Paja de legumbres";"460";"CAUPÍ";24/05/2023;;
"128";"2.17.9.";"Paja de legumbres";"483";"VEZA VELLOSA";24/05/2023;;
"128";"2.17.9.";"Paja de legumbres";"904";"CROTALARIA JUNCEA";24/05/2023;;
"128";"2.17.9.";"Paja de legumbres";"937";"CUERNECILLO";24/05/2023;;
"128";"2.17.9.";"Paja de legumbres";"945";"MEZCLA AVENA-HABA";24/05/2023;;
"128";"2.17.9.";"Paja de legumbres";"946";"MEZCLA AVENA-CEBADA-VEZA";24/05/2023;;
"129";"2.1.5.15.";"Papayas";"346";"PAPAYA";24/05/2023;;
"130";"2.18.1.";"Pasas de uva";"102";"VIÑA";24/05/2023;;
"131";"2.2.1.11.";"Patacas, aguaturmas, tupinambos";"416";"PATACA";24/05/2023;;
"132";"2.9.";"Patatas";"99";"PATATA";24/05/2023;;
"133";"2.9.3.";"Patatas de consumo";"99";"PATATA";24/05/2023;;
"134";"2.9.2.";"Patatas para almacenar";"99";"PATATA";24/05/2023;;
"135";"2.9.1.";"Patatas tempranas";"99";"PATATA";24/05/2023;;
"136";"2.2.4.1.2.";"Pepinillos";"165";"PEPINO";24/05/2023;;
"137";"2.2.4.1.1.";"Pepinos";"165";"PEPINO";24/05/2023;;
"138";"2.1.2.2.";"Peras";"108";"PERAL";24/05/2023;;
"138";"2.1.2.2.";"Peras";"909";"NASHI";05/12/2025;;
"139";"2.2.7.5.3.";"Perejil (producto cosechado)";"261";"PEREJIL";24/05/2023;;
"140";"2.2.7.5.1.";"Perifollos";"269";"PERIFOLLO";24/05/2023;;
"141";"2.2.3.2.";"Pimientos";"152";"PIMIENTO";24/05/2023;;
"141";"2.2.3.2.";"Pimientos";"182";"GUINDILLA";05/12/2025;;
"142";"2.18.7.";"Pimientos desecados";"152";"PIMIENTO";24/05/2023;;
"143";"2.27.10.";"Pistachos";"124";"PISTACHO";24/05/2023;;
"144";"2.1.5.16.";"Pitayas, frutas del dragón (producto cosechado)";"919";"PITAYA";24/05/2023;;
"145";"2.1.5.11.";"Piñas";"906";"PIÑA";24/05/2023;;
"146";"2.27.9.";"Piñones";"389";"PINO";24/05/2023;;
"147";"2.1.5.2.";"Plátanos";"905";"PLATANERA";24/05/2023;;
"148";"2.2.9.6.";"Puerros";"151";"PUERRO";24/05/2023;;
"149";"2.2.1.12.";"Raíces de perejil (producto cosechado)";"261";"PEREJIL";24/05/2023;;
"150";"2.15.";"Remolacha azucarera (producto cosechado)";"82";"REMOLACHA";24/05/2023;;
"151";"2.2.1.1.";"Remolachas";"82";"REMOLACHA";24/05/2023;;
"152";"2.2.6.2.2.";"Repollos";"172";"REPOLLO";24/05/2023;;
"154";"2.2.9.8.";"Ruibarbos";"420";"RUIBARBO";24/05/2023;;
"155";"2.2.1.6.";"Rábanos";"190";"RÁBANO";24/05/2023;;
"156";"2.2.1.4.";"Rábanos rusticanos";"427";"RÁBANO PICANTE";24/04/2025;;
"157";"2.2.7.1.6.";"Rúculas";"929";"RÚCULA";24/05/2023;;
"158";"2.2.1.7.";"Salsifíes";"477";"SALSIFÍ";24/05/2023;;
"159";"2.2.4.2.3.";"Sandías";"156";"SANDÍA";24/05/2023;;
"160";"2.4.9.";"Semillas de  algodón";"81";"ALGODÓN";24/05/2023;;
"161";"2.4.6.";"Semillas de  colza";"35";"COLZA";24/05/2023;;
"162";"2.4.3.";"Semillas de adormidera";"138";"ADORMIDERA";24/05/2023;;
"163";"2.4.2.";"Semillas de cacahuetes";"87";"CACAHUETE";24/05/2023;;
"164";"2.4.5.";"Semillas de girasol";"33";"GIRASOL";24/05/2023;;
"165";"2.4.1.";"Semillas de lino";"85";"LINO";24/05/2023;;
"166";"2.4.8.";"Semillas de mostaza";"332";"MOSTAZA";24/05/2023;;
"167";"2.4.4.";"Semillas de sésamo o ajonjolí";"399";"SÉSAMO";24/05/2023;;
"168";"2.2.10.1.";"Setas cultivadas (producto cosechado)";"97";"SETAS";24/05/2023;;
"169";"2.2.10.2.";"Setas silvestres (producto cosechado)";"97";"SETAS";24/05/2023;;
"169";"2.2.10.2.";"Setas silvestres (producto cosechado)";"280";"TRUFA";15/12/2025;;
"170";"2.20.2.5.";"Simiente de ajo";"169";"AJO";24/05/2023;;
"171";"2.20.4.2.";"Simiente de algodón";"81";"ALGODÓN";24/05/2023;;
"172";"2.20.1.8. ";"Simiente de arroz";"80";"ARROZ";24/05/2023;;
"173";"2.20.1.2.";"Simiente de avena";"8";"AVENA";24/05/2023;;
"174";"2.20.1.3.";"Simiente de cebada";"5";"CEBADA";24/05/2023;;
"175";"2.20.2.6.";"Simiente de cebolla";"157";"CEBOLLA";24/05/2023;;
"176";"2.20.1.6.";"Simiente de centeno";"6";"CENTENO";24/05/2023;;
"177";"2.20.4.5.";"Simiente de colza";"35";"COLZA";24/05/2023;;
"178";"2.20.2.4.";"Simiente de crucíferas";"92";"ROMANESCU";24/05/2023;;
"178";"2.20.2.4.";"Simiente de crucíferas";"154";"BRÓCOLI";24/05/2023;;
"178";"2.20.2.4.";"Simiente de crucíferas";"159";"COLIRRÁBANO";24/05/2023;;
"178";"2.20.2.4.";"Simiente de crucíferas";"160";"COLIFLOR";24/05/2023;;
"178";"2.20.2.4.";"Simiente de crucíferas";"173";"COL ROJA O LOMBARDA";24/05/2023;;
"178";"2.20.2.4.";"Simiente de crucíferas";"174";"COL MILÁN O SAVOY";24/05/2023;;
"178";"2.20.2.4.";"Simiente de crucíferas";"175";"BERZA";24/05/2023;;
"178";"2.20.2.4.";"Simiente de crucíferas";"176";"COL DE BRUSELAS";24/05/2023;;
"178";"2.20.2.4.";"Simiente de crucíferas";"179";"NABO";24/05/2023;;
"178";"2.20.2.4.";"Simiente de crucíferas";"190";"RÁBANO";24/05/2023;;
"178";"2.20.2.4.";"Simiente de crucíferas";"193";"HUERTA";24/05/2023;;
"178";"2.20.2.4.";"Simiente de crucíferas";"304";"COL CHINA";24/05/2023;;
"178";"2.20.2.4.";"Simiente de crucíferas";"427";"RÁBANO PICANTE";24/05/2023;;
"178";"2.20.2.4.";"Simiente de crucíferas";"445";"COL CRESPA";24/05/2023;;
"179";"2.20.2.1.";"Simiente de cucurbitáceas";"153";"MELÓN";24/05/2023;;
"179";"2.20.2.1.";"Simiente de cucurbitáceas";"156";"SANDÍA";24/05/2023;;
"179";"2.20.2.1.";"Simiente de cucurbitáceas";"163";"CALABACÍN";24/05/2023;;
"179";"2.20.2.1.";"Simiente de cucurbitáceas";"165";"PEPINO";24/05/2023;;
"179";"2.20.2.1.";"Simiente de cucurbitáceas";"185";"CALABAZA";24/05/2023;;
"179";"2.20.2.1.";"Simiente de cucurbitáceas";"186";"CALABAZA DEL PEREGRINO";24/05/2023;;
"179";"2.20.2.1.";"Simiente de cucurbitáceas";"193";"HUERTA";24/05/2023;;
"179";"2.20.2.1.";"Simiente de cucurbitáceas";"925";"ALFICOZ";24/05/2023;;
"180";"2.20.2.9.";"Simiente de espinacas";"183";"ESPINACA";24/05/2023;;
"181";"2.20.3.1.";"Simiente de garbanzos";"50";"GARBANZO";24/05/2023;;
"182";"2.20.4.4.";"Simiente de girasol";"33";"GIRASOL";24/05/2023;;
"183";"2.20.2.3.";"Simiente de guisantes";"40";"GUISANTE";24/05/2023;;
"184";"2.20.3.2.";"Simiente de habas";"41";"HABA";24/05/2023;;
"185";"2.20.2.8.";"Simiente de hierbas aromáticas";"90";"REGALIZ";24/05/2023;;
"185";"2.20.2.8.";"Simiente de hierbas aromáticas";"118";"ESPECIES AROMÁTICAS LEÑOSAS";24/05/2023;;
"185";"2.20.2.8.";"Simiente de hierbas aromáticas";"152";"PIMIENTO";24/05/2023;;
"185";"2.20.2.8.";"Simiente de hierbas aromáticas";"251";"AJEDREA";24/05/2023;;
"185";"2.20.2.8.";"Simiente de hierbas aromáticas";"252";"CILANTRO";24/05/2023;;
"185";"2.20.2.8.";"Simiente de hierbas aromáticas";"253";"ANÍS DULCE";24/05/2023;;
"185";"2.20.2.8.";"Simiente de hierbas aromáticas";"254";"ENELDO";24/05/2023;;
"185";"2.20.2.8.";"Simiente de hierbas aromáticas";"256";"VALERIANA";24/05/2023;;
"185";"2.20.2.8.";"Simiente de hierbas aromáticas";"257";"ARTEMISA";24/05/2023;;
"185";"2.20.2.8.";"Simiente de hierbas aromáticas";"258";"GENCIANA";24/05/2023;;
"185";"2.20.2.8.";"Simiente de hierbas aromáticas";"259";"HISOPO";24/05/2023;;
"185";"2.20.2.8.";"Simiente de hierbas aromáticas";"260";"HINOJO";24/05/2023;;
"185";"2.20.2.8.";"Simiente de hierbas aromáticas";"261";"PEREJIL";24/05/2023;;
"185";"2.20.2.8.";"Simiente de hierbas aromáticas";"262";"AZAFRÁN";24/05/2023;;
"185";"2.20.2.8.";"Simiente de hierbas aromáticas";"263";"TOMILLO";24/05/2023;;
"185";"2.20.2.8.";"Simiente de hierbas aromáticas";"264";"ALBAHACA";24/05/2023;;
"185";"2.20.2.8.";"Simiente de hierbas aromáticas";"265";"MELISA O TORONJIL";24/05/2023;;
"185";"2.20.2.8.";"Simiente de hierbas aromáticas";"266";"MENTA";24/05/2023;;
"185";"2.20.2.8.";"Simiente de hierbas aromáticas";"267";"ORÉGANO";24/05/2023;;
"185";"2.20.2.8.";"Simiente de hierbas aromáticas";"268";"SALVIA";24/05/2023;;
"185";"2.20.2.8.";"Simiente de hierbas aromáticas";"269";"PERIFOLLO";24/05/2023;;
"185";"2.20.2.8.";"Simiente de hierbas aromáticas";"270";"ESTRAGÓN";24/05/2023;;
"185";"2.20.2.8.";"Simiente de hierbas aromáticas";"271";"MEJORANA";24/05/2023;;
"185";"2.20.2.8.";"Simiente de hierbas aromáticas";"272";"CALÉNDULA";24/05/2023;;
"185";"2.20.2.8.";"Simiente de hierbas aromáticas";"273";"COMINO";24/05/2023;;
"185";"2.20.2.8.";"Simiente de hierbas aromáticas";"274";"ESTEVIA";24/05/2023;;
"185";"2.20.2.8.";"Simiente de hierbas aromáticas";"275";"HIPÉRICO";24/05/2023;;
"185";"2.20.2.8.";"Simiente de hierbas aromáticas";"276";"HIERBABUENA";24/05/2023;;
"185";"2.20.2.8.";"Simiente de hierbas aromáticas";"277";"VERBENA";24/05/2023;;
"185";"2.20.2.8.";"Simiente de hierbas aromáticas";"281";"LAVANDA";24/05/2023;;
"185";"2.20.2.8.";"Simiente de hierbas aromáticas";"282";"LAVANDÍN";24/05/2023;;
"185";"2.20.2.8.";"Simiente de hierbas aromáticas";"283";"ALCAPARRA";24/05/2023;;
"185";"2.20.2.8.";"Simiente de hierbas aromáticas";"284";"AJENJO";24/05/2023;;
"185";"2.20.2.8.";"Simiente de hierbas aromáticas";"285";"ESPLIEGO";24/05/2023;;
"185";"2.20.2.8.";"Simiente de hierbas aromáticas";"286";"HELICRISO";24/05/2023;;
"185";"2.20.2.8.";"Simiente de hierbas aromáticas";"287";"HIERBALUISA";24/05/2023;;
"185";"2.20.2.8.";"Simiente de hierbas aromáticas";"288";"ROMERO";24/05/2023;;
"185";"2.20.2.8.";"Simiente de hierbas aromáticas";"289";"SANTOLINA";24/05/2023;;
"185";"2.20.2.8.";"Simiente de hierbas aromáticas";"290";"ALOE VERA";24/05/2023;;
"185";"2.20.2.8.";"Simiente de hierbas aromáticas";"308";"AGRIMONIA";24/05/2023;;
"185";"2.20.2.8.";"Simiente de hierbas aromáticas";"309";"BARDANA";24/05/2023;;
"185";"2.20.2.8.";"Simiente de hierbas aromáticas";"310";"DIENTE DE LEÓN";24/05/2023;;
"185";"2.20.2.8.";"Simiente de hierbas aromáticas";"311";"ENULA";24/05/2023;;
"185";"2.20.2.8.";"Simiente de hierbas aromáticas";"312";"EQUINACEA";24/05/2023;;
"185";"2.20.2.8.";"Simiente de hierbas aromáticas";"313";"GINSENG";24/05/2023;;
"185";"2.20.2.8.";"Simiente de hierbas aromáticas";"315";"LLANTÉN";24/05/2023;;
"185";"2.20.2.8.";"Simiente de hierbas aromáticas";"316";"MALVAVISCO";24/05/2023;;
"185";"2.20.2.8.";"Simiente de hierbas aromáticas";"317";"MANZANILLA AMARGA";24/05/2023;;
"185";"2.20.2.8.";"Simiente de hierbas aromáticas";"318";"MANZANILLA DULCE";24/05/2023;;
"185";"2.20.2.8.";"Simiente de hierbas aromáticas";"319";"MILENRAMA";24/05/2023;;
"185";"2.20.2.8.";"Simiente de hierbas aromáticas";"320";"POLEO";24/05/2023;;
"185";"2.20.2.8.";"Simiente de hierbas aromáticas";"322";"ROMPEPIEDRA";24/05/2023;;
"185";"2.20.2.8.";"Simiente de hierbas aromáticas";"323";"TRAVALERA";24/05/2023;;
"185";"2.20.2.8.";"Simiente de hierbas aromáticas";"324";"VARA DE ORO";24/05/2023;;
"185";"2.20.2.8.";"Simiente de hierbas aromáticas";"332";"MOSTAZA";24/05/2023;;
"185";"2.20.2.8.";"Simiente de hierbas aromáticas";"401";"CEBOLLINO";24/05/2023;;
"185";"2.20.2.8.";"Simiente de hierbas aromáticas";"402";"ACEDERILLA";24/05/2023;;
"185";"2.20.2.8.";"Simiente de hierbas aromáticas";"404";"BOTÓN DE ORO";24/05/2023;;
"185";"2.20.2.8.";"Simiente de hierbas aromáticas";"406";"CHUPAMIELES";24/05/2023;;
"185";"2.20.2.8.";"Simiente de hierbas aromáticas";"409";"DEDALERA O DIGITAL";24/05/2023;;
"185";"2.20.2.8.";"Simiente de hierbas aromáticas";"410";"CICUTA";24/05/2023;;
"185";"2.20.2.8.";"Simiente de hierbas aromáticas";"411";"JABONERA";24/05/2023;;
"185";"2.20.2.8.";"Simiente de hierbas aromáticas";"412";"MALVA COMÚN";24/05/2023;;
"185";"2.20.2.8.";"Simiente de hierbas aromáticas";"413";"PULMONARIA";24/05/2023;;
"186";"2.20.2.2.";"Simiente de judías";"49";"ALUBIA";24/05/2023;;
"187";"2.20.2.7.";"Simiente de lechuga";"155";"LECHUGA";24/05/2023;;
"188";"2.20.4.1.";"Simiente de lino";"85";"LINO";24/05/2023;;
"189";"2.20.1.4.";"Simiente de maíz";"4";"MAÍZ";24/05/2023;;
"190";"2.20.5.";"Simiente de ornamentales";"36";"CAMELINA";24/05/2023;;
"190";"2.20.5.";"Simiente de ornamentales";"88";"CÁRTAMO";24/05/2023;;
"190";"2.20.5.";"Simiente de ornamentales";"91";"FLORES";24/05/2023;;
"190";"2.20.5.";"Simiente de ornamentales";"96";"ESPECIES AROMÁTICAS HERBÁCEAS";24/05/2023;;
"190";"2.20.5.";"Simiente de ornamentales";"141";"KENAF";24/05/2023;;
"190";"2.20.5.";"Simiente de ornamentales";"193";"HUERTA";24/05/2023;;
"190";"2.20.5.";"Simiente de ornamentales";"223";"MISCANTHUS";24/05/2023;;
"190";"2.20.5.";"Simiente de ornamentales";"236";"CAÑA COMÚN";24/05/2023;;
"190";"2.20.5.";"Simiente de ornamentales";"263";"TOMILLO";24/05/2023;;
"190";"2.20.5.";"Simiente de ornamentales";"264";"ALBAHACA";24/05/2023;;
"190";"2.20.5.";"Simiente de ornamentales";"265";"MELISA O TORONJIL";24/05/2023;;
"190";"2.20.5.";"Simiente de ornamentales";"266";"MENTA";24/05/2023;;
"190";"2.20.5.";"Simiente de ornamentales";"267";"ORÉGANO";24/05/2023;;
"190";"2.20.5.";"Simiente de ornamentales";"268";"SALVIA";24/05/2023;;
"190";"2.20.5.";"Simiente de ornamentales";"269";"PERIFOLLO";24/05/2023;;
"190";"2.20.5.";"Simiente de ornamentales";"271";"MEJORANA";24/05/2023;;
"190";"2.20.5.";"Simiente de ornamentales";"272";"CALÉNDULA";24/05/2023;;
"190";"2.20.5.";"Simiente de ornamentales";"275";"HIPÉRICO";24/05/2023;;
"190";"2.20.5.";"Simiente de ornamentales";"276";"HIERBABUENA";24/05/2023;;
"190";"2.20.5.";"Simiente de ornamentales";"277";"VERBENA";24/05/2023;;
"190";"2.20.5.";"Simiente de ornamentales";"281";"LAVANDA";24/05/2023;;
"190";"2.20.5.";"Simiente de ornamentales";"282";"LAVANDÍN";24/05/2023;;
"190";"2.20.5.";"Simiente de ornamentales";"284";"AJENJO";24/05/2023;;
"190";"2.20.5.";"Simiente de ornamentales";"285";"ESPLIEGO";24/05/2023;;
"190";"2.20.5.";"Simiente de ornamentales";"286";"HELICRISO";24/05/2023;;
"190";"2.20.5.";"Simiente de ornamentales";"287";"HIERBALUISA";24/05/2023;;
"190";"2.20.5.";"Simiente de ornamentales";"288";"ROMERO";24/05/2023;;
"190";"2.20.5.";"Simiente de ornamentales";"289";"SANTOLINA";24/05/2023;;
"190";"2.20.5.";"Simiente de ornamentales";"290";"ALOE VERA";24/05/2023;;
"190";"2.20.5.";"Simiente de ornamentales";"308";"AGRIMONIA";24/05/2023;;
"190";"2.20.5.";"Simiente de ornamentales";"309";"BARDANA";24/05/2023;;
"190";"2.20.5.";"Simiente de ornamentales";"310";"DIENTE DE LEÓN";24/05/2023;;
"190";"2.20.5.";"Simiente de ornamentales";"311";"ENULA";24/05/2023;;
"190";"2.20.5.";"Simiente de ornamentales";"312";"EQUINACEA";24/05/2023;;
"190";"2.20.5.";"Simiente de ornamentales";"315";"LLANTÉN";24/05/2023;;
"190";"2.20.5.";"Simiente de ornamentales";"316";"MALVAVISCO";24/05/2023;;
"190";"2.20.5.";"Simiente de ornamentales";"317";"MANZANILLA AMARGA";24/05/2023;;
"190";"2.20.5.";"Simiente de ornamentales";"318";"MANZANILLA DULCE";24/05/2023;;
"190";"2.20.5.";"Simiente de ornamentales";"319";"MILENRAMA";24/05/2023;;
"190";"2.20.5.";"Simiente de ornamentales";"320";"POLEO";24/05/2023;;
"190";"2.20.5.";"Simiente de ornamentales";"322";"ROMPEPIEDRA";24/05/2023;;
"190";"2.20.5.";"Simiente de ornamentales";"323";"TRAVALERA";24/05/2023;;
"190";"2.20.5.";"Simiente de ornamentales";"324";"VARA DE ORO";24/05/2023;;
"190";"2.20.5.";"Simiente de ornamentales";"329";"AMARANTO";24/05/2023;;
"190";"2.20.5.";"Simiente de ornamentales";"332";"MOSTAZA";24/05/2023;;
"190";"2.20.5.";"Simiente de ornamentales";"341";"SILPHIUM";24/05/2023;;
"190";"2.20.5.";"Simiente de ornamentales";"398";"RAMIO";24/05/2023;;
"190";"2.20.5.";"Simiente de ornamentales";"402";"ACEDERILLA";24/05/2023;;
"190";"2.20.5.";"Simiente de ornamentales";"403";"ANÍS ESTRELLADO";24/05/2023;;
"190";"2.20.5.";"Simiente de ornamentales";"404";"BOTÓN DE ORO";24/05/2023;;
"190";"2.20.5.";"Simiente de ornamentales";"405";"AJOWAN";24/05/2023;;
"190";"2.20.5.";"Simiente de ornamentales";"406";"CHUPAMIELES";24/05/2023;;
"190";"2.20.5.";"Simiente de ornamentales";"409";"DEDALERA O DIGITAL";24/05/2023;;
"190";"2.20.5.";"Simiente de ornamentales";"410";"CICUTA";24/05/2023;;
"190";"2.20.5.";"Simiente de ornamentales";"411";"JABONERA";24/05/2023;;
"190";"2.20.5.";"Simiente de ornamentales";"412";"MALVA COMÚN";24/05/2023;;
"190";"2.20.5.";"Simiente de ornamentales";"413";"PULMONARIA";24/05/2023;;
"190";"2.20.5.";"Simiente de ornamentales";"414";"CARDO DE FULLER";24/05/2023;;
"190";"2.20.5.";"Simiente de ornamentales";"415";"TÁRTAGO";24/05/2023;;
"190";"2.20.5.";"Simiente de ornamentales";"416";"PATACA";24/05/2023;;
"190";"2.20.5.";"Simiente de ornamentales";"932";"PLANTAS ORNAMENTALES";24/05/2023;;
"191";"2.20.7.";"Simiente de patatas";"99";"PATATA";24/05/2023;;
"192";"2.20.4.3.";"Simiente de remolacha azucarera";"82";"REMOLACHA";24/05/2023;;
"193";"2.20.2.11.";"Simiente de remolacha de mesa";"82";"REMOLACHA";24/05/2023;;
"194";"2.20.2.13.";"Simiente de remolacha forrajera";"82";"REMOLACHA";24/05/2023;;
"195";"2.20.4.6.";"Simiente de soja";"34";"SOJA";24/05/2023;;
"196";"2.20.1.5.";"Simiente de sorgo";"7";"SORGO";24/05/2023;;
"197";"2.20.4.7.";"Simiente de tabaco";"83";"TABACO";24/05/2023;;
"198";"2.20.2.10.";"Simiente de tomates";"197";"TOMATE";24/05/2023;;
"199";"2.20.1.1.";"Simiente de trigo";"1";"TRIGO BLANDO";24/05/2023;;
"199";"2.20.1.1.";"Simiente de trigo";"2";"ESPELTA";24/05/2023;;
"199";"2.20.1.1.";"Simiente de trigo";"3";"TRIGO DURO";24/05/2023;;
"199";"2.20.1.1.";"Simiente de trigo";"325";"TRIGO KHORASAN";24/05/2023;;
"199";"2.20.1.1.";"Simiente de trigo";"393";"ESCANDA";24/05/2023;;
"199";"2.20.1.1.";"Simiente de trigo";"394";"ESCAÑA";24/05/2023;;
"200";"2.20.1.7.";"Simiente de triticale";"13";"TRITICALE";24/05/2023;;
"201";"2.20.2.12.";"Simiente de zanahoria";"178";"ZANAHORIA";24/05/2023;;
"202";"2.17.4.";"Sorgo forrajero";"7";"SORGO";24/05/2023;;
"203";"2.14.";"Tabaco (producto cosechado)";"83";"TABACO";24/05/2023;;
"204";"2.2.3.1.";"Tomates";"197";"TOMATE";24/05/2023;;
"205";"2.18.8.";"Tomates desecados";"197";"TOMATE";24/05/2023;;
"206";"2.1.1.3.";"Toronjas, pomelos";"208";"POMELO O TORONJA";24/05/2023;;
"208";"2.10.1.";"Té";"441";"TÉ";24/05/2023;;
"209";"2.1.4.1.1.";"Uvas de mesa";"102";"VIÑA";24/05/2023;;
"210";"2.1.4.1.2.";"Uvas de vinificación";"102";"VIÑA";24/05/2023;;
"211";"2.2.7.2.3.";"Verdolagas";"421";"VERDOLAGA";24/05/2023;;
"212";"2.17.10";"Veza (producto cosechado)";"52";"VEZA";24/05/2023;;
"214";"2.2.1.2.";"Zanahorias";"178";"ZANAHORIA";24/05/2023;;
"215";"2.1.4.3.1.";"Zarzamoras (producto cosechado)";"149";"ZARZAMORA";24/05/2023;;
"216";"2.2.1.14.";"Ñames";"933";"ÑAME";24/05/2023;;
"506";"2.1.4.3.";"Frutas de caña";"278";"FRUTOS DEL BOSQUE";15/12/2025;;
"525";"2.2.10.";"Hongos y setas (producto cosechado)";"280";"TRUFA";15/12/2025;;
"529";"2.13.";"Granos de cereales";"305";"MEZCLA AVENA-TRIGO";15/12/2025;;
"529";"2.13.";"Granos de cereales";"306";"MEZCLA AVENA-CEBADA";15/12/2025;;
"529";"2.13.";"Granos de cereales";"307";"MEZCLA AVENA-TRITICALE";15/12/2025;;
