"Código SIEX";"Código Europeo";"Sustancia";"Número CAS";Fecha de alta;Fecha de modificación;Fecha de baja
"1";"1049";"ACEFATO";"30560-19-1";03/12/2025;;
"2";"1050";"ACETAMIPRID";"135410-20-7";03/12/2025;;
"3";"1056";"ACRINATRINA";"101007-06-1";03/12/2025;;
"4";"313";"ALDICARB";"116-06-3";03/12/2025;;
"5";;"ALDICARB SULFONA";"1646-88-4";03/12/2025;;
"6";;"ALDICARB SULFÓXIDO";"1646-87-3";03/12/2025;;
"7";"315";"ALDRIN";"309-00-2";03/12/2025;;
"8";;"ALFA-ENDOSULFAN";"959-98-8";03/12/2025;;
"9";"705";"AMETOCTRADINA";"865318-97-4";03/12/2025;;
"10";"416";"ATRAZINA";"1912-24-9";03/12/2025;;
"11";"424";"AZINFOS-ETILO";"2642-71-9";03/12/2025;;
"12";"425";"AZINFÓS-METILO";"86-50-0";03/12/2025;;
"13";"428";"AZOXISTROBINA";"131860-33-8";03/12/2025;;
"14";"1345";"BENALAXIL";"71626-11-4";03/12/2025;;
"15";"443";"BENDIOCARB";"22781-23-3";03/12/2025;;
"16";;"BETA-ENDOSULFAN";"33213-65-9";03/12/2025;;
"17";"460";"BIFENTRINA";"82657-04-3";03/12/2025;;
"18";"1393";"BITERTANOL";"55179-31-2";03/12/2025;;
"19";"675";"BIXAFENO";"581809-46-3";03/12/2025;;
"20";"472";"BOSCALIDA";"188425-85-6";03/12/2025;;
"21";"475";"BROMACIL";"314-40-9";03/12/2025;;
"22";"481";"BROMOFÓS-ETILO";"4824-78-6";03/12/2025;;
"23";"482";"BROMOPROPILATO";"18181-80-1";03/12/2025;;
"24";"484";"BROMUCONAZOL";"116255-48-2";03/12/2025;;
"25";"485";"BUPIRIMATO";"41483-43-6";03/12/2025;;
"26";"486";"BUPROFECINA";"69327-76-0";03/12/2025;;
"27";"488";"BUTOCARBOXIM";"34681-10-2";03/12/2025;;
"28";"489";"BUTOXICARBOXIM";"34681-23-7";03/12/2025;;
"29";"491";"CADUSAFOS";"95465-99-9";03/12/2025;;
"30";"504";"CAPTAFOL";"2425-06-1";03/12/2025;;
"31";"505";"CAPTAN";"133-06-02";03/12/2025;;
"32";"832";"CARBARIL";"63-25-2";03/12/2025;;
"33";"506";"CARBENDAZIMA";"10605-21-7";03/12/2025;;
"34";"512";"CARBOFENOTIÓN";"786-19-6";03/12/2025;;
"35";"508";"CARBOFURANO";"1563-66-2";03/12/2025;;
"36";;"CARBOFURANO-3-HIDROXI";"16655-82-6";03/12/2025;;
"37";"514";"CARBOXINA";"5234-68-4";03/12/2025;;
"38";"833";"CIFLUFENAMIDA";"180409-60-3";03/12/2025;;
"39";"589";"CIFLUTRIN";"68359-37-5";03/12/2025;;
"40";"593";"CIMOXANILO";"57966-95-7";03/12/2025;;
"41";"834";"CIPERMETRINA";"52315-07-8";03/12/2025;;
"42";"594";"CIPROCONAZOL";"94361-06-5";03/12/2025;;
"43";"1023";"CIPRODINILO";"121552-61-2";03/12/2025;;
"44";"596";"CIROMAZINA";"66215-27-8";03/12/2025;;
"45";"564";"CLOFENTEZINA";"74115-24-5";03/12/2025;;
"46";"526";"CLORANTRANILIPROLE";"500008-45-7";03/12/2025;;
"47";"1352";"CLORDANO";"12789-03-6";03/12/2025;;
"48";;"CLORDANO OXI";"27304-13-8";03/12/2025;;
"49";"533";"CLORFENAPIR";"122453-73-0";03/12/2025;;
"50";"1020";"CLORFENVINFÓS";"470-90-6";03/12/2025;;
"51";"538";"CLORIDAZONA";"1698-60-8";03/12/2025;;
"52";"540";"CLOROBENCILATO";"510-15-6";03/12/2025;;
"53";"544";"CLOROTALONIL";"1897-45-6";03/12/2025;;
"54";"548";"CLORPIRIFOS";"2921-88-2";03/12/2025;;
"55";"549";"CLORPIRIFOS-METILO";"5598-13-0";03/12/2025;;
"56";"1356";"CLORPROFAM";"101-21-3";03/12/2025;;
"57";"1357";"CLORTIOFOS";"21923-23-9";03/12/2025;;
"58";"545";"CLORTOLURON";"15545-48-9";03/12/2025;;
"59";"867";"CLOTIANIDINA";"210880-92-5";03/12/2025;;
"60";"553";"CLOZOLINATO";"84332-86-5";03/12/2025;;
"61";"257";"CRESOXIM-METILO";"143390-89-0";03/12/2025;;
"62";"852";"CUMAFÓS";"56-72-4";03/12/2025;;
"63";"602";"DELTAMETRIN";"52918-63-5";03/12/2025;;
"64";"604";"DEMETON-S-METILSULFONA";"17040-19-6";03/12/2025;;
"65";"612";"DIAZINÓN";"333-41-5";03/12/2025;;
"66";"615";"DICLOFLUANIDA";"1085-98-9";03/12/2025;;
"67";"623";"DICLORÁN";"99-30-9";03/12/2025;;
"68";"620";"DICLORVOS";"62-73-7";03/12/2025;;
"69";"1360";"DICOFOL, p,p'";"115-32-2";03/12/2025;;
"70";"627";"DIELDRIN";"60-57-1";03/12/2025;;
"71";"629";"DIETOFENCARB";"87130-20-9";03/12/2025;;
"72";"658";"DIFENILAMINA";"122-39-4";03/12/2025;;
"73";"631";"DIFENOCONAZOL";"119446-68-3";03/12/2025;;
"74";"634";"DIFLUBENZURON";"35367-38-5";03/12/2025;;
"75";"635";"DIFLUFENICAN";"83164-33-4";03/12/2025;;
"76";"1214";"DIMETOATO";"60-51-5";03/12/2025;;
"77";"644";"DIMETOMORFO";"110488-70-5";03/12/2025;;
"78";;"DINICONAZOL";"83657-24-3";03/12/2025;;
"79";"1025";"DISULFOTON";"298-04-4";03/12/2025;;
"80";;"DISULFOTÓN SULFONA";"2497-06-5";03/12/2025;;
"81";;"DISULFOTÓN-SULFÓXIDO";"2497-07-6";03/12/2025;;
"82";"692";"DIURÓN";"330-54-1";03/12/2025;;
"83";;"DMST";"66840-71-9";03/12/2025;;
"84";;"ENDOSULFAN SULFATO";"1031-07-8";03/12/2025;;
"85";"700";"ENDRIN";"72-20-8";03/12/2025;;
"86";"1368";"EPN";"2104-64-5";03/12/2025;;
"87";"701";"EPOXICONAZOL";"133855-98-8";03/12/2025;;
"88";"1168";"ESPIRODICLOFENO";"148477-71-8";03/12/2025;;
"89";"1169";"ESPIROMESIFEN";"283594-90-1";03/12/2025;;
"90";"1171";"ESPIROXAMINA";"118134-30-8";03/12/2025;;
"91";"999";"ETIOFENCARB";"29973-13-5";03/12/2025;;
"92";;"ETIOFENCARB SULFONA";"53380-23-7";03/12/2025;;
"93";;"ETIOFENCARB SULFÓXIDO";"53380-22-6";03/12/2025;;
"94";"813";"ETION";"563-12-2";03/12/2025;;
"95";"92";"ETIRIMOL";"23947-60-6";03/12/2025;;
"96";"101";"ETOFENPROX";"80844-07-1";03/12/2025;;
"97";"95";"ETOPROFOS";"13194-48-4";03/12/2025;;
"98";"102";"ETOXAZOL";"153233-91-1";03/12/2025;;
"99";"104";"ETRIMFOS";"38260-54-7";03/12/2025;;
"100";"109";"FAMOXADONA";"131807-57-3";03/12/2025;;
"101";"119";"FENAMIDONA";"161326-34-7";03/12/2025;;
"102";"121";"FENAMIFOS";"22224-92-6";03/12/2025;;
"103";;"FENAMIFOS SULFONA";"31972-44-8";03/12/2025;;
"104";;"FENAMIFOS SULFÓXIDO";"31972-43-7";03/12/2025;;
"105";"122";"FENARIMOL";"60168-88-9";03/12/2025;;
"106";"124";"FENAZAQUINA";"120928-09-8";03/12/2025;;
"107";"125";"FENBUCONAZOL";"114369-43-6";03/12/2025;;
"108";"2";"FENCLORFOS";"299-84-3";03/12/2025;;
"109";;"FENCLORFOS-OXÓN";"3983-45-7";03/12/2025;;
"110";"4";"FENHEXAMIDA";"126833-17-8";03/12/2025;;
"111";"5";"FENITROTIÓN";"122-14-5";03/12/2025;;
"112";"6";"FENOBUCARB";"3766-81-2";03/12/2025;;
"113";"10";"FENOXICARB";"72490-01-8";03/12/2025;;
"114";"14";"FENPIROXIMATO";"134098-61-6";03/12/2025;;
"115";"12";"FENPROPATRIN";"39515-41-8";03/12/2025;;
"116";"13";"FENPROPIDINA";"67306-00-7";03/12/2025;;
"117";"817";"FENPROPIMORFO";"67306-03-0";03/12/2025;;
"118";"1300";"FENSULFOTIÓN";"115-90-2";03/12/2025;;
"119";"17";"FENTION";"55-38-9";03/12/2025;;
"120";;"FENTION OXON";"6552-12-1";03/12/2025;;
"121";;"FENTION OXON SULFONA";"14086-35-2";03/12/2025;;
"122";;"FENTION OXON SULFÓXIDO";"6552-13-2";03/12/2025;;
"123";;"FENTION SULFONA";"3761-42-0";03/12/2025;;
"124";;"FENTION SULFÓXIDO";"3761-41-9";03/12/2025;;
"125";"849";"FENTOATO";"2597-03-7";03/12/2025;;
"126";"21";"FENVALERATO";"51630-58-1";03/12/2025;;
"127";"1002";"FIPRONIL";"120068-37-3";03/12/2025;;
"128";"27";"FLONICAMID";"158062-67-0";03/12/2025;;
"129";"33";"FLUBENDIAMIDA";"272451-65-7";03/12/2025;;
"130";"36";"FLUCITRINATO";"70124-77-5";03/12/2025;;
"131";"37";"FLUDIOXONILO";"131341-86-1";03/12/2025;;
"132";"38";"FLUFENOXURÓN";"101463-69-8";03/12/2025;;
"133";"721";"FLUOMETURON";"2164-17-2";03/12/2025;;
"134";"722";"FLUOPICOLIDE";"239110-15-7";03/12/2025;;
"135";"723";"FLUOPIRAM";"658066-35-4";03/12/2025;;
"136";"1186";"FLUPIRADIFURONA";"951659-40-8";03/12/2025;;
"137";"729";"FLUQUINCONAZOL";"136426-54-5";03/12/2025;;
"138";"733";"FLUROCLORIDONA";"61213-25-0";03/12/2025;;
"139";"737";"FLUSILAZOL";"85509-19-9";03/12/2025;;
"140";"739";"FLUTOLANIL";"66332-96-5";03/12/2025;;
"141";"740";"FLUTRIAFOL";"76674-21-0";03/12/2025;;
"142";"989";"FLUXAPIROXAD";"907204-31-3";03/12/2025;;
"143";"742";"FOLPET";"133-07-3";03/12/2025;;
"144";"744";"FONOFOS";"944-22-9";03/12/2025;;
"145";"976";"FORATO";"298-02-2";03/12/2025;;
"146";"748";"FORMETANATO";"23422-53-9";03/12/2025;;
"147";"749";"FORMOTIÓN";"2540-82-1";03/12/2025;;
"148";"977";"FOSALÓN";"2310-17-0";03/12/2025;;
"149";"1029";"FOSFAMIDÓN";"13171-21-6";03/12/2025;;
"150";"850";"FOSMET";"732-11-6";03/12/2025;;
"151";;"FOSMET OXON";"3735-33-9";03/12/2025;;
"152";"1031";"FOXIM";"14816-18-3";03/12/2025;;
"153";;"HCH-ß";"319-85-7";03/12/2025;;
"154";;"HCH-ALFA";"319-84-6";03/12/2025;03/12/2025;
"155";"1005";"HEPTACLORO";"76-44-8";03/12/2025;;
"156";;"HEPTACLORO EPOXIDO-TRANS";"28044-83-9";03/12/2025;;
"157";"1372";"HEPTENOFOS";"23560-59-0";03/12/2025;;
"158";"773";"HEXACLOROBENCENO";"118-74-1";03/12/2025;;
"159";"126";"HEXACONAZOL";"79983-71-4";03/12/2025;;
"160";"130";"HEXITIAZOX";"78587-05-0";03/12/2025;;
"161";"1315";"IMAZALIL";"35554-44-0";03/12/2025;;
"162";"688";"IMIDACLOPRID";"138261-41-3";03/12/2025;;
"163";"229";"INDOXACARB";"173584-44-6";03/12/2025;;
"164";"234";"IPRODIONA";"36734-19-7";03/12/2025;;
"165";"235";"IPROVALICARB";"140923-17-7";03/12/2025;;
"166";"240";"ISOCARBOFOS";"24353-61-5";03/12/2025;;
"167";"242";"ISOFENPHOS-METIL";"99675-03-3";03/12/2025;;
"168";"1189";"ISOPROTIOLANO";"50512-35-1";03/12/2025;;
"169";"246";"ISOPROTURON";"34123-59-6";03/12/2025;;
"170";"259";"LAMBDA CIHALOTRINA";"91465-08-6";03/12/2025;;
"171";"267";"LENACILO";"2164-08-1";03/12/2025;;
"172";"1323";"LINDANO (gamma-HCH)";"58-89-9";03/12/2025;;
"173";"270";"LINURÓN";"330-55-2";03/12/2025;;
"174";"271";"LUFENURÓN";"103055-07-8";03/12/2025;;
"175";;"MALAOXÓN";"1634-78-2";03/12/2025;;
"176";"273";"MALATIÓN";"121-75-5";03/12/2025;;
"177";"996";"MANDIPROPAMIDA";"374726-62-2";03/12/2025;;
"178";"280";"MECARBAM";"2595-54-2";03/12/2025;;
"179";"284";"MEPANIPIRIMA";"110235-47-7";03/12/2025;;
"180";"213";"METACRIFÓS";"30864-28-9";03/12/2025;;
"181";"1318";"METALAXILO";"57837-19-1";03/12/2025;;
"182";"1320";"METAMIDOFÓS";"10265-92-6";03/12/2025;;
"183";"209";"METAMITRONA";"41394-05-2";03/12/2025;;
"184";"211";"METCONAZOL";"125116-23-6";03/12/2025;;
"185";"216";"METIDATIÓN";"950-37-8";03/12/2025;;
"186";"217";"METIOCARB";"2032-65-7";03/12/2025;;
"187";;"METIOCARB SULFONA";"2179-25-1";03/12/2025;;
"188";;"METIOCARB SULFÓXIDO";"2635-10-1";03/12/2025;;
"189";"1212";"METOBROMURON";"3060-89-7";03/12/2025;;
"190";"876";"METOLACLORO";"51218-45-2";03/12/2025;;
"191";"218";"METOMILO";"16752-77-5";03/12/2025;;
"192";"1009";"METOXICLORO";"72-43-5";03/12/2025;;
"193";"1321";"METOXIFENOZIDA";"161050-58-4";03/12/2025;;
"194";"1195";"METRAFENONA";"220899-03-6";03/12/2025;;
"195";"845";"METRIBUZINA";"21087-64-9";03/12/2025;;
"196";"881";"MEVINFÓS";"7786-34-7";03/12/2025;;
"197";"893";"MICLOBUTANIL";"88671-89-0";03/12/2025;;
"198";"888";"MONOCROTOFOS";"6923-22-4";03/12/2025;;
"199";"913";"NOVALURON";"116714-46-6";03/12/2025;;
"200";"915";"NUARIMOL";"63284-71-9";03/12/2025;;
"201";"1013";"O-FENILFENOL";"90-43-7";03/12/2025;;
"202";"918";"OFURACE";"58810-48-3";03/12/2025;;
"203";"921";"OMETOATO";"1113-02-6";03/12/2025;;
"204";;"op´ DDT";"789-02-6";03/12/2025;;
"205";"928";"OXADIAZÓN";"19666-30-9";03/12/2025;;
"206";"929";"OXADIXILO";"77732-09-3";03/12/2025;;
"207";"930";"OXAMILO";"23135-22-0";03/12/2025;;
"208";"934";"OXIDEMETÓN-METILO";"301-12-2";03/12/2025;;
"209";"935";"OXIFLUORFÉN";"42878-04-2";03/12/2025;;
"210";"937";"PACLOBUTRAZOL";"76738-62-0";03/12/2025;;
"211";;"PARAOXON-METILO";"950-35-6";03/12/2025;;
"212";"953";"PARATIÓN";"56-38-2";03/12/2025;;
"213";"954";"PARATIÓN-METILO";"298-00-0";03/12/2025;;
"214";"1192";"PENCICURON";"66063-05-6";03/12/2025;;
"215";"960";"PENCONAZOL";"66246-88-6";03/12/2025;;
"216";"961";"PENDIMETALINA";"40487-42-1";03/12/2025;;
"217";"968";"PERMETRIN";"52645-53-1";03/12/2025;;
"218";"1219";"PIRACLOSTROBINA";"175013-18-0";03/12/2025;;
"219";"1406";"PIRAZOFOS";"13457-18-6";03/12/2025;;
"220";"1093";"PIRIDABÉN";"96489-71-3";03/12/2025;;
"221";"1096";"PIRIDAFENTIÓN";"119-12-0";03/12/2025;;
"222";"1098";"PIRIMETANIL";"53112-28-0";03/12/2025;;
"223";"997";"PIRIMICARB";"23103-98-2";03/12/2025;;
"224";;"PIRIMICARB DESMETIL";"30614-22-3";03/12/2025;;
"225";"294";"PIRIMIFOS-METILO";"29232-93-7";03/12/2025;;
"226";"1100";"PIRIPROXIFENO";"95737-68-1";03/12/2025;;
"227";;"PP´ DDD";"72-54-8";03/12/2025;;
"228";;"pp´ DDE";"72-55-9";03/12/2025;;
"229";;"pp´ DDT";"50-29-3";03/12/2025;;
"230";"60";"PROCIMIDONA";"32809-16-8";03/12/2025;;
"231";"59";"PROCLORAZ";"67747-09-5";03/12/2025;;
"232";"74";"PROFAM";"122-42-9";03/12/2025;;
"233";"61";"PROFENOFÓS";"41198-08-7";03/12/2025;;
"234";"64";"PROMECARB";"2631-37-0";03/12/2025;;
"235";"67";"PROPAMOCARB";"24579-73-5";03/12/2025;;
"236";"71";"PROPARGITA";"2312-35-8";03/12/2025;;
"237";"75";"PROPICONAZOL";"60207-90-1";03/12/2025;;
"238";"709";"PROPIZAMIDA";"23950-58-5";03/12/2025;;
"239";"707";"PROPOXUR";"114-26-1";03/12/2025;;
"240";"711";"PROSULFOCARB";"52888-80-9";03/12/2025;;
"241";;"PROTIOCONAZOL-DESTIO";"120983-64-4";03/12/2025;;
"242";"714";"PROTIOFOS";"34643-46-4";03/12/2025;;
"243";"1106";"QUINALFOS";"13593-03-8";03/12/2025;;
"244";"1109";"QUINOXIFENO";"124495-18-7";03/12/2025;;
"245";"1110";"QUINTOCENO";"82-68-8";03/12/2025;;
"246";"1113";"QUIZALAFOP-P-ETILO";"100646-51-3";03/12/2025;;
"247";"1136";"SIMAZINA";"122-34-9";03/12/2025;;
"248";"1167";"SPINOSAD";"168316-95-8";03/12/2025;;
"249";"1170";"SPIROTETRAMAT";"203313-25-1";03/12/2025;;
"250";"1179";"SULFOTEP";"3689-24-5";03/12/2025;;
"251";"1373";"TAU-FLUVALINATO";"102851-06-9";03/12/2025;;
"252";"779";"TEBUCONAZOL";"107534-96-3";03/12/2025;;
"253";"780";"TEBUFENOCIDA";"112410-23-8";03/12/2025;;
"254";"1374";"TEBUFENPIRAD";"119168-77-3";03/12/2025;;
"255";"839";"TECNACENO";"117-18-0";03/12/2025;;
"256";"783";"TEFLUBENZURÓN";"83121-18-0";03/12/2025;;
"257";"784";"TEFLUTRINA";"79538-32-2";03/12/2025;;
"258";"840";"TERBUFOS";"13071-79-9";03/12/2025;;
"259";"788";"TERBUTILAZINA";"5915-41-3";03/12/2025;;
"260";"1376";"TETRACLORVINFOS";"22248-79-9";03/12/2025;;
"261";"790";"TETRACONAZOL";"112281-77-3";03/12/2025;;
"262";"791";"TETRADIFÓN";"116-29-0";03/12/2025;;
"263";"795";"TIABENDAZOL";"148-79-8";03/12/2025;;
"264";"841";"TIACLOPRID";"111988-49-9";03/12/2025;;
"265";"796";"TIAMETOXAM";"153719-23-4";03/12/2025;;
"266";"1378";"TIOBENCARB";"28249-77-6";03/12/2025;;
"267";"802";"TIODICARB";"59669-26-0";03/12/2025;;
"268";"807";"TIOFANATO-METILO";"23564-05-8";03/12/2025;;
"269";"804";"TIOMETÓN";"640-15-3";03/12/2025;;
"270";"143";"TOLCLOFOS-METILO";"57018-04-9";03/12/2025;;
"271";"145";"TOLILFLUANIDA";"731-27-1";03/12/2025;;
"272";"152";"TRIADIMEFÓN";"43121-43-3";03/12/2025;;
"273";"153";"TRIADIMENOL";"55219-65-3";03/12/2025;;
"274";"158";"TRIAZOFOS";"24017-47-8";03/12/2025;;
"275";;"TRIBENURON-METILO";"101200-48-0";03/12/2025;;
"276";"171";"TRICICLAZOL";"41814-78-2";03/12/2025;;
"277";"163";"TRICLORFÓN";"52-68-6";03/12/2025;;
"278";"176";"TRIFLOXISTROBINA";"141517-21-7";03/12/2025;;
"279";"1007";"TRIFLUMURÓN";"64628-44-0";03/12/2025;;
"280";"178";"TRIFLURALINA";"1582-09-8";03/12/2025;;
"281";"185";"TRITICONAZOL";"131983-72-7";03/12/2025;;
"282";"193";"VINCLOZOLINA";"50471-44-8";03/12/2025;;
"283";"200";"ZOXAMIDA";"156052-68-5";03/12/2025;;
