"Código SIEX";"Sustancia básica";"Función";"Fecha de aprobación";"Número CAS";Fecha de alta;Fecha de modificación;Fecha de baja
"1";"Aceite de sebolla";"Repelente";"2018-10-17";;29/09/2026;;
"2";"Aceite de girasol";"Fungicida";"2016-12-02";;29/09/2026;;
"3";"Allium fistulosum, procesado";;"1999-12-31";;29/09/2026;;
"4";"Carbón vegetal arcilloso";"Fungicida";"2017-03-31";;29/09/2026;;
"5";"Cerveza";"Molusquicida";"2017-12-05";;29/09/2026;;
"6";"Clorhidrato de quitosano";"Estimulador de los mecanismos de defensa naturales";"2014-03-20";"9012-76-4";29/09/2026;;
"7";"Cloruro de sodio";"Fungicida";"2017-09-28";"7647-14-5";29/09/2026;;
"8";"Equisetum arvense L. (Cola de caballo)";"Estimulador de los mecanismos de defensa naturales";"2014-07-01";;29/09/2026;;
"9";"Extracto de bulbo de Allium cepa L.";;"1999-12-31";;29/09/2026;;
"10";"Extracto de pepita de Vitis vinifera L. (extracto de pepita de uva)";"Fungicida en cultivos de vides, manzanas, patatas y lechugas";"2025-02-11";;29/09/2026;;
"11";"Fosfato diamónico";"Atrayente";"2016-04-29";"7783-28-0";29/09/2026;;
"12";"Fructosa";"Estimulador de los mecanismos de defensa naturales";"2015-10-01";"57-48-7";29/09/2026;;
"13";"Hidrógenocarbonato de sodio (Bicarbonato)";"Fungicida";"2015-12-08";"144-55-8";29/09/2026;;
"14";"Hidróxido de calcio (Cal apagada)";"Estimulador de los mecanismos de defensa naturales";"2015-07-01";"1305-62-0";29/09/2026;;
"15";"Hidróxido de magnesio E528";"Fungicida en cultivos de vides, olivos, plátanos, avena, centeno, triticale, trigo, tomates, berenjenas, pimientos dulces, guindillas, alquequenjes, pepinos, patatas, rosales, plantas ornamentales, melocotones, albaricoques, cerezas, ciruelas, nectarinas, ciruelas mirabel y arroz.";"2024-04-02";"1309-42-8";29/09/2026;;
"16";"L-cisteína";"Insecticida";"2020-06-01";;29/09/2026;;
"17";"Lecha de vaca";"Fungicida";"2020-07-30";;29/09/2026;;
"18";"Lecitina";"Estimulador de los mecanismos de defensa naturales";"2015-07-01";"8002-43-5";29/09/2026;;
"19";"Pélets deshidratados de Onobrychis viciifolia (esparceta)";"Nematicida en las viñas";"2024-07-17";;29/09/2026;;
"20";"Peróxido de hidrógeno (Agua oxigenada)";"Desinfectante para maquinaria agrícola, Bactericida para semillas, Fungicida para semillas";"2017-03-29";"7722-84-1";29/09/2026;;
"21";"Polvo de semillas de mostaza";"Fungicida para semillas";"2017-12-04";;29/09/2026;;
"22";"Quitosano";"Estimulador de los mecanismos de defensa naturales";"2022-01-28";"9012-76-4";29/09/2026;;
"23";"Sacarosa";"Estimulador de los mecanismos de defensa naturales";"2015-01-01";"57-50-1";29/09/2026;;
"24";"Salix spp cortex (Corteza de sauce)";"Estimulador de los mecanismos de defensa naturales";"2015-07-01";;29/09/2026;;
"25";"Suero de leche";"Fungicida";"2016-05-02";;29/09/2026;;
"26";"Talco E553B (uso alimentario con <0,1% de sílice cristalina respirable)";"Insecticida y Fungicida";"2018-05-28";"14807-96-6";29/09/2026;;
"27";"Urtica spp (Ortiga)";"Fungicida";"2017-03-30";;29/09/2026;;
"28";"Vinagre";"Estimulador de los mecanismos de defensa naturales";"2015-07-01";"64-19-7";29/09/2026;;
